id,WattHour
15001,90
15002,0
15003,0
15004,90
15005,80
15006,80
15007,0
15008,0
15009,0
15010,70
15011,70
15012,60
15013,60
15014,60
15015,0
15016,0
15017,80
15018,0
15019,0
15020,80
15021,70
15022,70
15023,80
15024,60
15025,70
15026,60
15027,70
15028,70
15029,60
15030,80
15031,0
15032,60
15033,0
15034,70
15035,60
15036,0
15037,40
15038,0
15039,0
15040,0
15041,70
15042,0
15043,0
15044,60
15045,0
15046,0
15047,0
15048,70
15049,0
15050,110
15051,0
15052,0
15053,70
15054,0
15055,0
15056,0
15057,0
15058,40
15059,30
15060,0
15061,60
15062,0
15063,0
15064,60
15065,70
15066,0
15067,70
15068,0
15069,60
15070,60
15071,0
15072,0
15073,70
15074,0
15075,70
15076,60
15077,0
15078,50
15079,40
15080,0
15081,0
15082,0
15083,70
15084,70
15085,70
15086,60
15087,0
15088,0
15089,60
15090,0
15091,60
15092,70
15093,70
15094,60
15095,0
15096,60
15097,60
15098,0
15099,40
15100,0
15101,0
15102,60
15103,0
15104,0
15105,60
15106,70
15107,0
15108,0
15109,0
15110,0
15111,60
15112,0
15113,60
15114,60
15115,0
15116,0
15117,0
15118,0
15119,0
15120,90
15121,0
15122,0
15123,170
15124,0
15125,0
15126,0
15127,0
15128,120
15129,120
15130,0
15131,110
15132,0
15133,110
15134,90
15135,100
15136,100
15137,100
15138,100
15139,120
15140,120
15141,0
15142,0
15143,100
15144,90
15145,70
15146,60
15147,0
15148,70
15149,60
15150,0
15151,60
15152,60
15153,0
15154,70
15155,70
15156,70
15157,0
15158,60
15159,0
15160,0
15161,70
15162,0
15163,0
15164,60
15165,0
15166,60
15167,0
15168,0
15169,0
15170,50
15171,50
15172,0
15173,0
15174,50
15175,50
15176,0
15177,0
15178,0
15179,0
15180,50
15181,60
15182,50
15183,60
15184,50
15185,30
15186,30
15187,20
15188,0
15189,0
15190,0
15191,60
15192,50
15193,0
15194,80
15195,50
15196,60
15197,0
15198,0
15199,70
15200,70
15201,0
15202,60
15203,70
15204,0
15205,0
15206,40
15207,40
15208,0
15209,0
15210,220
15211,0
15212,0
15213,50
15214,50
15215,0
15216,0
15217,0
15218,0
15219,0
15220,60
15221,50
15222,50
15223,0
15224,0
15225,50
15226,0
15227,40
15228,0
15229,50
15230,0
15231,0
15232,0
15233,50
15234,50
15235,0
15236,50
15237,0
15238,50
15239,0
15240,50
15241,40
15242,0
15243,0
15244,60
15245,60
15246,40
15247,40
15248,30
15249,0
15250,0
15251,0
15252,0
15253,60
15254,50
15255,0
15256,0
15257,0
15258,50
15259,0
15260,0
15261,0
15262,90
15263,0
15264,0
15265,90
15266,100
15267,0
15268,0
15269,590
15270,0
15271,100
15272,0
15273,0
15274,80
15275,0
15276,0
15277,140
15278,0
15279,130
15280,0
15281,100
15282,0
15283,0
15284,100
15285,100
15286,100
15287,0
15288,0
15289,80
15290,90
15291,80
15292,80
15293,0
15294,50
15295,0
15296,30
15297,30
15298,40
15299,60
15300,60
15301,0
15302,0
15303,40
15304,50
15305,60
15306,0
15307,0
15308,60
15309,0
15310,0
15311,0
15312,50
15313,40
15314,50
15315,60
15316,30
15317,40
15318,40
15319,30
15320,0
15321,50
15322,0
15323,50
15324,0
15325,0
15326,0
15327,0
15328,70
15329,50
15330,0
15331,0
15332,40
15333,0
15334,0
15335,0
15336,0
15337,80
15338,20
15339,30
15340,0
15341,40
15342,0
15343,0
15344,0
15345,70
15346,0
15347,50
15348,0
15349,60
15350,60
15351,0
15352,60
15353,70
15354,70
15355,50
15356,0
15357,0
15358,40
15359,90
15360,0
15361,0
15362,80
15363,80
15364,60
15365,0
15366,90
15367,0
15368,0
15369,80
15370,70
15371,110
15372,0
15373,0
15374,40
15375,0
15376,50
15377,0
15378,70
15379,70
15380,70
15381,60
15382,60
15383,0
15384,0
15385,0
15386,0
15387,150
15388,0
15389,0
15390,100
15391,0
15392,0
15393,0
15394,0
15395,0
15396,90
15397,80
15398,0
15399,0
15400,0
15401,0
15402,0
15403,110
15404,100
15405,0
15406,90
15407,0
15408,70
15409,60
15410,70
15411,90
15412,120
15413,0
15414,0
15415,0
15416,180
15417,0
15418,0
15419,100
15420,140
15421,100
15422,0
15423,120
15424,0
15425,90
15426,0
15427,100
15428,100
15429,0
15430,100
15431,0
15432,0
15433,80
15434,70
15435,0
15436,0
15437,60
15438,70
15439,80
15440,0
15441,0
15442,0
15443,70
15444,0
15445,0
15446,0
15447,70
15448,70
15449,0
15450,60
15451,0
15452,0
15453,0
15454,0
15455,0
15456,50
15457,0
15458,40
15459,50
15460,0
15461,0
15462,0
15463,60
15464,0
15465,0
15466,0
15467,0
15468,0
15469,50
15470,0
15471,0
15472,40
15473,40
15474,0
15475,0
15476,0
15477,50
15478,50
15479,0
15480,60
15481,60
15482,80
15483,60
15484,50
15485,270
15486,0
15487,0
15488,70
15489,60
15490,70
15491,60
15492,0
15493,0
15494,70
15495,70
15496,0
15497,310
15498,0
15499,0
15500,0
15501,80
15502,0
15503,0
15504,80
15505,80
15506,0
15507,60
15508,60
15509,0
15510,0
15511,90
15512,0
15513,0
15514,90
15515,80
15516,70
15517,0
15518,60
15519,70
15520,40
15521,50
15522,50
15523,0
15524,0
15525,30
15526,30
15527,40
15528,30
15529,60
15530,50
15531,50
15532,0
15533,60
15534,0
15535,40
15536,50
15537,50
15538,0
15539,0
15540,60
15541,80
15542,0
15543,0
15544,0
15545,50
15546,0
15547,120
15548,0
15549,240
15550,120
15551,120
15552,120
15553,130
15554,0
15555,140
15556,0
15557,0
15558,0
15559,350
15560,0
15561,550
15562,300
15563,0
15564,290
15565,200
15566,150
15567,120
15568,0
15569,0
15570,0
15571,0
15572,0
15573,110
15574,130
15575,110
15576,100
15577,0
15578,50
15579,50
15580,50
15581,0
15582,0
15583,0
15584,0
15585,0
15586,0
15587,40
15588,50
15589,0
15590,0
15591,60
15592,0
15593,0
15594,40
15595,30
15596,20
15597,0
15598,50
15599,50
15600,0
15601,0
15602,70
15603,0
15604,50
15605,0
15606,50
15607,0
15608,50
15609,0
15610,0
15611,0
15612,60
15613,0
15614,0
15615,50
15616,0
15617,0
15618,0
15619,0
15620,40
15621,0
15622,50
15623,50
15624,50
15625,0
15626,50
15627,0
15628,60
15629,50
15630,60
15631,0
15632,0
15633,0
15634,60
15635,0
15636,0
15637,470
15638,0
15639,0
15640,250
15641,0
15642,510
15643,260
15644,0
15645,0
15646,70
15647,0
15648,0
15649,0
15650,50
15651,0
15652,0
15653,60
15654,0
15655,60
15656,0
15657,0
15658,0
15659,30
15660,20
15661,0
15662,70
15663,60
15664,300
15665,780
15666,0
15667,0
15668,240
15669,260
15670,0
15671,110
15672,0
15673,0
15674,60
15675,0
15676,0
15677,0
15678,0
15679,0
15680,250
15681,220
15682,220
15683,190
15684,70
15685,50
15686,50
15687,60
15688,0
15689,50
15690,60
15691,0
15692,70
15693,0
15694,90
15695,0
15696,0
15697,140
15698,90
15699,0
15700,0
15701,0
15702,0
15703,0
15704,0
15705,120
15706,0
15707,130
15708,0
15709,110
15710,100
15711,150
15712,0
15713,0
15714,0
15715,120
15716,0
15717,120
15718,100
15719,110
15720,0
15721,80
15722,80
15723,0
15724,60
15725,60
15726,60
15727,60
15728,50
15729,0
15730,50
15731,0
15732,50
15733,60
15734,0
15735,0
15736,60
15737,0
15738,60
15739,0
15740,0
15741,40
15742,0
15743,50
15744,60
15745,50
15746,50
15747,0
15748,50
15749,40
15750,0
15751,40
15752,0
15753,0
15754,0
15755,50
15756,0
15757,40
15758,0
15759,40
15760,60
15761,60
15762,60
15763,0
15764,0
15765,0
15766,50
15767,50
15768,50
15769,0
15770,50
15771,60
15772,50
15773,0
15774,0
15775,0
15776,0
15777,20
15778,30
15779,0
15780,0
15781,0
15782,50
15783,0
15784,0
15785,80
15786,50
15787,70
15788,300
15789,0
15790,590
15791,0
15792,310
15793,260
15794,0
15795,150
15796,130
15797,290
15798,0
15799,840
15800,0
15801,430
15802,300
15803,0
15804,0
15805,0
15806,0
15807,0
15808,90
15809,0
15810,0
15811,80
15812,0
15813,570
15814,610
15815,0
15816,350
15817,0
15818,270
15819,0
15820,0
15821,100
15822,90
15823,0
15824,0
15825,100
15826,0
15827,90
15828,0
15829,0
15830,90
15831,0
15832,0
15833,0
15834,0
15835,100
15836,280
15837,0
15838,600
15839,0
15840,90
15841,370
15842,670
15843,230
15844,0
15845,0
15846,70
15847,0
15848,70
15849,70
15850,0
15851,70
15852,70
15853,0
15854,0
15855,0
15856,0
15857,60
15858,0
15859,0
15860,70
15861,60
15862,0
15863,70
15864,0
15865,70
15866,70
15867,0
15868,0
15869,0
15870,70
15871,60
15872,70
15873,80
15874,0
15875,70
15876,50
15877,50
15878,0
15879,20
15880,40
15881,30
15882,70
15883,0
15884,60
15885,50
15886,50
15887,60
15888,40
15889,60
15890,0
15891,0
15892,50
15893,60
15894,50
15895,40
15896,50
15897,0
15898,50
15899,0
15900,60
15901,0
15902,60
15903,0
15904,20
15905,0
15906,0
15907,50
15908,50
15909,0
15910,50
15911,60
15912,50
15913,0
15914,0
15915,50
15916,0
15917,60
15918,0
15919,60
15920,60
15921,0
15922,50
15923,0
15924,50
15925,0
15926,60
15927,60
15928,0
15929,0
15930,0
15931,0
15932,0
15933,60
15934,0
15935,70
15936,0
15937,160
15938,50
15939,0
15940,0
15941,60
15942,0
15943,40
15944,0
15945,60
15946,60
15947,70
15948,0
15949,80
15950,80
15951,0
15952,0
15953,0
15954,100
15955,0
15956,0
15957,90
15958,100
15959,90
15960,0
15961,90
15962,0
15963,0
15964,0
15965,60
15966,60
15967,80
15968,0
15969,0
15970,0
15971,110
15972,140
15973,110
15974,0
15975,0
15976,0
15977,0
15978,0
15979,0
15980,0
15981,250
15982,0
15983,130
15984,0
15985,300
15986,0
15987,240
15988,220
15989,360
15990,430
15991,0
15992,0
15993,410
15994,0
15995,120
15996,110
15997,120
15998,120
15999,0
16000,0
16001,100
16002,0
16003,0
16004,0
16005,0
16006,0
16007,110
16008,0
16009,100
16010,100
16011,0
16012,80
16013,0
16014,80
16015,0
16016,0
16017,80
16018,0
16019,0
16020,0
16021,0
16022,30
16023,0
16024,0
16025,60
16026,0
16027,0
16028,50
16029,0
16030,50
16031,60
16032,60
16033,0
16034,0
16035,0
16036,50
16037,0
16038,50
16039,0
16040,0
16041,30
16042,50
16043,0
16044,0
16045,50
16046,50
16047,0
16048,60
16049,60
16050,0
16051,50
16052,0
16053,0
16054,0
16055,0
16056,50
16057,70
16058,0
16059,0
16060,40
16061,0
16062,0
16063,0
16064,70
16065,0
16066,80
16067,0
16068,80
16069,0
16070,80
16071,0
16072,0
16073,340
16074,370
16075,0
16076,50
16077,0
16078,40
16079,0
16080,0
16081,50
16082,60
16083,50
16084,0
16085,50
16086,50
16087,60
16088,0
16089,50
16090,0
16091,50
16092,0
16093,0
16094,60
16095,50
16096,0
16097,50
16098,0
16099,60
16100,0
16101,0
16102,100
16103,90
16104,0
16105,70
16106,0
16107,70
16108,0
16109,0
16110,100
16111,0
16112,80
16113,80
16114,0
16115,70
16116,0
16117,90
16118,0
16119,0
16120,0
16121,0
16122,80
16123,0
16124,0
16125,50
16126,70
16127,90
16128,0
16129,330
16130,270
16131,0
16132,240
16133,0
16134,0
16135,0
16136,0
16137,100
16138,120
16139,120
16140,0
16141,130
16142,0
16143,120
16144,140
16145,0
16146,0
16147,0
16148,0
16149,0
16150,100
16151,0
16152,60
16153,30
16154,0
16155,40
16156,80
16157,0
16158,60
16159,70
16160,60
16161,0
16162,50
16163,80
16164,60
16165,0
16166,70
16167,50
16168,50
16169,0
16170,0
16171,0
16172,0
16173,60
16174,0
16175,0
16176,50
16177,40
16178,20
16179,30
16180,0
16181,0
16182,60
16183,0
16184,0
16185,60
16186,0
16187,50
16188,0
16189,0
16190,50
16191,0
16192,60
16193,0
16194,0
16195,0
16196,50
16197,50
16198,0
16199,50
16200,60
16201,70
16202,70
16203,0
16204,0
16205,50
16206,50
16207,0
16208,0
16209,70
16210,50
16211,0
16212,60
16213,60
16214,50
16215,0
16216,50
16217,0
16218,40
16219,0
16220,50
16221,0
16222,0
16223,0
16224,0
16225,30
16226,0
16227,0
16228,40
16229,60
16230,0
16231,0
16232,60
16233,50
16234,0
16235,60
16236,0
16237,0
16238,60
16239,0
16240,0
16241,0
16242,0
16243,50
16244,60
16245,40
16246,60
16247,60
16248,50
16249,60
16250,0
16251,30
16252,30
16253,0
16254,60
16255,0
16256,70
16257,0
16258,60
16259,0
16260,0
16261,0
16262,0
16263,50
16264,0
16265,0
16266,0
16267,0
16268,0
16269,0
16270,0
16271,80
16272,70
16273,0
16274,0
16275,460
16276,0
16277,310
16278,120
16279,0
16280,0
16281,120
16282,130
16283,0
16284,130
16285,0
16286,170
16287,210
16288,110
16289,100
16290,0
16291,0
16292,0
16293,130
16294,130
16295,120
16296,120
16297,60
16298,0
16299,50
16300,60
16301,60
16302,0
16303,60
16304,0
16305,60
16306,50
16307,40
16308,60
16309,50
16310,50
16311,0
16312,30
16313,40
16314,0
16315,40
16316,0
16317,60
16318,0
16319,50
16320,60
16321,60
16322,0
16323,60
16324,0
16325,0
16326,50
16327,50
16328,40
16329,0
16330,60
16331,60
16332,60
16333,0
16334,50
16335,0
16336,0
16337,30
16338,0
16339,0
16340,60
16341,50
16342,60
16343,40
16344,60
16345,0
16346,0
16347,0
16348,70
16349,70
16350,50
16351,0
16352,280
16353,0
16354,0
16355,70
16356,60
16357,0
16358,50
16359,60
16360,50
16361,50
16362,80
16363,60
16364,370
16365,0
16366,0
16367,70
16368,0
16369,0
16370,0
16371,0
16372,60
16373,0
16374,80
16375,0
16376,0
16377,80
16378,0
16379,0
16380,0
16381,70
16382,0
16383,0
16384,0
16385,80
16386,80
16387,0
16388,0
16389,60
16390,60
16391,70
16392,0
16393,80
16394,70
16395,0
16396,70
16397,0
16398,0
16399,60
16400,0
16401,0
16402,0
16403,80
16404,0
16405,80
16406,0
16407,0
16408,0
16409,60
16410,80
16411,0
16412,0
16413,0
16414,80
16415,70
16416,0
16417,0
16418,90
16419,130
16420,120
16421,130
16422,120
16423,130
16424,0
16425,200
16426,120
16427,0
16428,120
16429,0
16430,130
16431,110
16432,0
16433,90
16434,90
16435,0
16436,80
16437,100
16438,0
16439,0
16440,0
16441,0
16442,80
16443,80
16444,70
16445,0
16446,0
16447,50
16448,0
16449,0
16450,60
16451,0
16452,50
16453,0
16454,0
16455,50
16456,60
16457,50
16458,60
16459,40
16460,0
16461,0
16462,40
16463,0
16464,0
16465,0
16466,60
16467,60
16468,0
16469,0
16470,0
16471,50
16472,0
16473,0
16474,0
16475,60
16476,60
16477,60
16478,0
16479,0
16480,0
16481,50
16482,50
16483,0
16484,0
16485,0
16486,50
16487,60
16488,0
16489,0
16490,0
16491,0
16492,30
16493,0
16494,70
16495,0
16496,0
16497,50
16498,0
16499,0
16500,70
16501,0
16502,0
16503,150
16504,70
16505,110
16506,0
16507,0
16508,80
16509,0
16510,0
16511,390
16512,240
16513,120
16514,0
16515,90
16516,0
16517,0
16518,80
16519,0
16520,0
16521,0
16522,0
16523,0
16524,80
16525,0
16526,0
16527,0
16528,90
16529,90
16530,0
16531,90
16532,160
16533,140
16534,80
16535,0
16536,80
16537,0
16538,30
16539,40
16540,20
16541,0
16542,60
16543,0
16544,0
16545,0
16546,0
16547,0
16548,0
16549,50
16550,70
16551,0
16552,0
16553,0
16554,0
16555,0
16556,50
16557,0
16558,0
16559,60
16560,0
16561,60
16562,50
16563,60
16564,210
16565,320
16566,0
16567,490
16568,0
16569,0
16570,0
16571,0
16572,70
16573,80
16574,120
16575,110
16576,90
16577,0
16578,0
16579,0
16580,0
16581,0
16582,0
16583,0
16584,0
16585,0
16586,100
16587,0
16588,0
16589,50
16590,70
16591,60
16592,50
16593,0
16594,0
16595,0
16596,50
16597,0
16598,60
16599,50
16600,0
16601,0
16602,0
16603,0
16604,50
16605,0
16606,0
16607,40
16608,50
16609,60
16610,50
16611,60
16612,60
16613,0
16614,0
16615,50
16616,0
16617,0
16618,0
16619,0
16620,0
16621,0
16622,60
16623,0
16624,0
16625,70
16626,0
16627,50
16628,0
16629,50
16630,0
16631,60
16632,50
16633,60
16634,50
16635,0
16636,0
16637,0
16638,60
16639,50
16640,50
16641,80
16642,110
16643,0
16644,70
16645,60
16646,60
16647,0
16648,0
16649,0
16650,150
16651,70
16652,0
16653,0
16654,0
16655,100
16656,80
16657,90
16658,0
16659,0
16660,0
16661,290
16662,90
16663,120
16664,110
16665,70
16666,100
16667,70
16668,0
16669,60
16670,0
16671,0
16672,70
16673,80
16674,310
16675,340
16676,110
16677,80
16678,0
16679,120
16680,80
16681,90
16682,0
16683,90
16684,0
16685,0
16686,70
16687,70
16688,0
16689,0
16690,0
16691,0
16692,0
16693,0
16694,0
16695,70
16696,0
16697,70
16698,0
16699,70
16700,0
16701,0
16702,60
16703,0
16704,80
16705,90
16706,0
16707,100
16708,0
16709,100
16710,0
16711,230
16712,0
16713,200
16714,0
16715,0
16716,0
16717,110
16718,0
16719,0
16720,140
16721,150
16722,140
16723,0
16724,130
16725,140
16726,120
16727,0
16728,0
16729,0
16730,0
16731,80
16732,80
16733,0
16734,0
16735,60
16736,50
16737,50
16738,50
16739,50
16740,60
16741,60
16742,0
16743,0
16744,0
16745,0
16746,0
16747,50
16748,50
16749,0
16750,0
16751,60
16752,50
16753,0
16754,0
16755,60
16756,60
16757,0
16758,40
16759,60
16760,0
16761,60
16762,0
16763,0
16764,0
16765,50
16766,0
16767,0
16768,60
16769,0
16770,0
16771,50
16772,60
16773,40
16774,0
16775,0
16776,60
16777,0
16778,50
16779,50
16780,0
16781,0
16782,0
16783,0
16784,50
16785,0
16786,0
16787,60
16788,60
16789,0
16790,60
16791,60
16792,0
16793,360
16794,100
16795,0
16796,90
16797,100
16798,0
16799,200
16800,130
16801,80
16802,210
16803,0
16804,210
16805,80
16806,100
16807,90
16808,0
16809,0
16810,360
16811,270
16812,120
16813,0
16814,0
16815,0
16816,0
16817,0
16818,0
16819,0
16820,0
16821,0
16822,0
16823,90
16824,80
16825,0
16826,0
16827,70
16828,0
16829,0
16830,70
16831,70
16832,80
16833,0
16834,0
16835,0
16836,100
16837,110
16838,0
16839,0
16840,0
16841,100
16842,0
16843,100
16844,0
16845,0
16846,0
16847,0
16848,0
16849,90
16850,0
16851,90
16852,90
16853,80
16854,70
16855,80
16856,0
16857,0
16858,0
16859,0
16860,0
16861,0
16862,0
16863,0
16864,140
16865,100
16866,110
16867,0
16868,0
16869,0
16870,100
16871,70
16872,50
16873,0
16874,0
16875,60
16876,0
16877,0
16878,0
16879,0
16880,0
16881,70
16882,50
16883,50
16884,50
16885,0
16886,50
16887,0
16888,60
16889,60
16890,0
16891,60
16892,60
16893,0
16894,0
16895,60
16896,60
16897,0
16898,0
16899,40
16900,60
16901,50
16902,50
16903,0
16904,60
16905,0
16906,0
16907,0
16908,50
16909,60
16910,0
16911,0
16912,60
16913,0
16914,60
16915,50
16916,40
16917,50
16918,0
16919,0
16920,60
16921,60
16922,0
16923,0
16924,0
16925,50
16926,0
16927,0
16928,60
16929,0
16930,0
16931,0
16932,40
16933,60
16934,40
16935,50
16936,60
16937,90
16938,0
16939,70
16940,0
16941,400
16942,130
16943,0
16944,70
16945,0
16946,0
16947,0
16948,80
16949,0
16950,80
16951,410
16952,0
16953,50
16954,0
16955,0
16956,0
16957,50
16958,50
16959,0
16960,0
16961,60
16962,0
16963,0
16964,0
16965,60
16966,0
16967,60
16968,0
16969,60
16970,60
16971,50
16972,0
16973,60
16974,50
16975,0
16976,0
16977,0
16978,60
16979,50
16980,0
16981,0
16982,0
16983,0
16984,50
16985,50
16986,0
16987,60
16988,50
16989,0
16990,50
16991,0
16992,50
16993,70
16994,0
16995,60
16996,0
16997,0
16998,0
16999,60
17000,0
17001,50
17002,0
17003,0
17004,0
17005,0
17006,0
17007,50
17008,50
17009,0
17010,90
17011,70
17012,90
17013,80
17014,0
17015,0
17016,80
17017,0
17018,80
17019,60
17020,50
17021,0
17022,0
17023,0
17024,60
17025,0
17026,60
17027,50
17028,60
17029,50
17030,0
17031,0
17032,60
17033,0
17034,0
17035,60
17036,0
17037,0
17038,50
17039,60
17040,0
17041,0
17042,70
17043,50
17044,60
17045,0
17046,0
17047,0
17048,0
17049,60
17050,0
17051,0
17052,0
17053,50
17054,0
17055,0
17056,0
17057,0
17058,0
17059,50
17060,60
17061,0
17062,0
17063,0
17064,0
17065,0
17066,70
17067,0
17068,60
17069,70
17070,0
17071,0
17072,40
17073,70
17074,0
17075,60
17076,0
17077,0
17078,50
17079,0
17080,0
17081,0
17082,0
17083,0
17084,70
17085,0
17086,0
17087,0
17088,0
17089,70
17090,70
17091,0
17092,0
17093,0
17094,60
17095,0
17096,0
17097,50
17098,0
17099,50
17100,50
17101,50
17102,50
17103,60
17104,0
17105,0
17106,70
17107,0
17108,60
17109,0
17110,190
17111,180
17112,0
17113,80
17114,60
17115,0
17116,370
17117,110
17118,60
17119,70
17120,240
17121,0
17122,0
17123,0
17124,0
17125,60
17126,0
17127,60
17128,0
17129,70
17130,0
17131,70
17132,70
17133,70
17134,70
17135,100
17136,90
17137,90
17138,0
17139,170
17140,410
17141,540
17142,310
17143,0
17144,110
17145,0
17146,0
17147,160
17148,0
17149,120
17150,110
17151,110
17152,0
17153,0
17154,0
17155,0
17156,0
17157,100
17158,120
17159,80
17160,0
17161,70
17162,0
17163,70
17164,0
17165,0
17166,70
17167,0
17168,80
17169,70
17170,0
17171,80
17172,0
17173,60
17174,60
17175,0
17176,60
17177,50
17178,0
17179,0
17180,0
17181,60
17182,50
17183,50
17184,0
17185,0
17186,50
17187,0
17188,60
17189,0
17190,0
17191,60
17192,0
17193,70
17194,50
17195,0
17196,50
17197,0
17198,50
17199,60
17200,50
17201,60
17202,0
17203,50
17204,0
17205,0
17206,50
17207,50
17208,50
17209,0
17210,0
17211,0
17212,60
17213,80
17214,60
17215,0
17216,70
17217,0
17218,60
17219,0
17220,0
17221,0
17222,0
17223,0
17224,0
17225,50
17226,60
17227,50
17228,0
17229,50
17230,0
17231,0
17232,60
17233,0
17234,60
17235,60
17236,50
17237,50
17238,50
17239,0
17240,0
17241,0
17242,0
17243,0
17244,0
17245,60
17246,60
17247,0
17248,60
17249,0
17250,0
17251,0
17252,60
17253,0
17254,0
17255,60
17256,60
17257,50
17258,0
17259,50
17260,60
17261,0
17262,0
17263,0
17264,0
17265,50
17266,50
17267,60
17268,60
17269,50
17270,60
17271,60
17272,0
17273,0
17274,50
17275,0
17276,0
17277,0
17278,70
17279,70
17280,0
17281,0
17282,0
17283,0
17284,0
17285,100
17286,350
17287,0
17288,80
17289,0
17290,100
17291,110
17292,0
17293,100
17294,0
17295,0
17296,140
17297,0
17298,0
17299,90
17300,100
17301,0
17302,90
17303,100
17304,0
17305,0
17306,0
17307,60
17308,60
17309,50
17310,60
17311,0
17312,0
17313,0
17314,0
17315,0
17316,0
17317,60
17318,50
17319,60
17320,0
17321,70
17322,0
17323,60
17324,0
17325,0
17326,0
17327,0
17328,0
17329,0
17330,50
17331,0
17332,0
17333,70
17334,0
17335,60
17336,0
17337,0
17338,0
17339,0
17340,0
17341,60
17342,50
17343,50
17344,0
17345,50
17346,60
17347,0
17348,0
17349,0
17350,0
17351,0
17352,60
17353,60
17354,0
17355,0
17356,0
17357,0
17358,0
17359,0
17360,0
17361,60
17362,70
17363,60
17364,0
17365,0
17366,70
17367,80
17368,0
17369,0
17370,100
17371,0
17372,0
17373,60
17374,70
17375,80
17376,80
17377,0
17378,0
17379,70
17380,70
17381,0
17382,0
17383,0
17384,50
17385,0
17386,0
17387,0
17388,0
17389,0
17390,0
17391,0
17392,0
17393,60
17394,0
17395,0
17396,0
17397,60
17398,0
17399,0
17400,0
17401,70
17402,70
17403,80
17404,0
17405,90
17406,70
17407,0
17408,0
17409,0
17410,70
17411,0
17412,0
17413,0
17414,80
17415,80
17416,0
17417,80
17418,70
17419,0
17420,0
17421,0
17422,70
17423,80
17424,80
17425,0
17426,90
17427,80
17428,100
17429,110
17430,0
17431,110
17432,0
17433,100
17434,0
17435,100
17436,0
17437,90
17438,120
17439,0
17440,100
17441,80
17442,90
17443,0
17444,90
17445,0
17446,0
17447,70
17448,0
17449,0
17450,60
17451,0
17452,0
17453,60
17454,0
17455,0
17456,0
17457,40
17458,60
17459,0
17460,0
17461,50
17462,0
17463,50
17464,60
17465,60
17466,0
17467,0
17468,0
17469,60
17470,0
17471,0
17472,0
17473,0
17474,0
17475,60
17476,0
17477,60
17478,0
17479,0
17480,50
17481,0
17482,0
17483,0
17484,50
17485,50
17486,0
17487,50
17488,0
17489,50
17490,50
17491,60
17492,50
17493,70
17494,50
17495,0
17496,0
17497,60
17498,50
17499,60
17500,90
17501,0
17502,0
17503,0
17504,0
17505,50
17506,0
17507,50
17508,60
17509,60
17510,60
17511,50
17512,0
17513,0
17514,0
17515,0
17516,0
17517,50
17518,0
17519,50
17520,50
17521,40
17522,50
17523,0
17524,50
17525,50
17526,60
17527,0
17528,0
17529,60
17530,0
17531,0
17532,60
17533,0
17534,0
17535,0
17536,0
17537,50
17538,0
17539,50
17540,60
17541,0
17542,50
17543,60
17544,50
17545,60
17546,0
17547,60
17548,0
17549,60
17550,50
17551,60
17552,60
17553,0
17554,0
17555,70
17556,40
17557,0
17558,0
17559,80
17560,60
17561,0
17562,0
17563,100
17564,0
17565,0
17566,0
17567,0
17568,0
17569,0
17570,0
17571,0
17572,110
17573,470
17574,340
17575,0
17576,0
17577,110
17578,90
17579,0
17580,110
17581,130
17582,0
17583,120
17584,0
17585,130
17586,120
17587,0
17588,120
17589,0
17590,0
17591,0
17592,130
17593,80
17594,70
17595,80
17596,0
17597,60
17598,0
17599,0
17600,60
17601,0
17602,0
17603,0
17604,0
17605,0
17606,60
17607,60
17608,0
17609,0
17610,50
17611,0
17612,0
17613,60
17614,40
17615,60
17616,0
17617,50
17618,50
17619,50
17620,0
17621,60
17622,50
17623,0
17624,60
17625,50
17626,60
17627,0
17628,60
17629,60
17630,60
17631,50
17632,60
17633,0
17634,60
17635,0
17636,50
17637,50
17638,0
17639,0
17640,0
17641,0
17642,0
17643,0
17644,60
17645,60
17646,0
17647,0
17648,0
17649,0
17650,0
17651,100
17652,90
17653,0
17654,0
17655,120
17656,110
17657,80
17658,0
17659,660
17660,330
17661,0
17662,0
17663,230
17664,250
17665,0
17666,80
17667,0
17668,60
17669,0
17670,0
17671,0
17672,60
17673,80
17674,70
17675,0
17676,80
17677,0
17678,0
17679,0
17680,320
17681,260
17682,0
17683,260
17684,0
17685,210
17686,100
17687,380
17688,0
17689,0
17690,0
17691,280
17692,0
17693,280
17694,0
17695,170
17696,170
17697,0
17698,460
17699,0
17700,250
17701,270
17702,250
17703,0
17704,170
17705,100
17706,200
17707,350
17708,0
17709,450
17710,0
17711,290
17712,0
17713,280
17714,0
17715,120
17716,120
17717,110
17718,560
17719,450
17720,0
17721,0
17722,0
17723,310
17724,0
17725,310
17726,330
17727,0
17728,0
17729,140
17730,0
17731,140
17732,130
17733,0
17734,0
17735,120
17736,0
17737,80
17738,0
17739,0
17740,60
17741,0
17742,60
17743,60
17744,50
17745,0
17746,0
17747,0
17748,0
17749,0
17750,0
17751,0
17752,0
17753,0
17754,60
17755,0
17756,60
17757,0
17758,60
17759,0
17760,70
17761,0
17762,0
17763,60
17764,0
17765,70
17766,0
17767,60
17768,0
17769,0
17770,60
17771,0
17772,70
17773,60
17774,0
17775,0
17776,60
17777,0
17778,60
17779,0
17780,0
17781,60
17782,60
17783,0
17784,0
17785,60
17786,60
17787,0
17788,50
17789,0
17790,0
17791,60
17792,0
17793,50
17794,70
17795,0
17796,0
17797,70
17798,60
17799,0
17800,50
17801,0
17802,0
17803,0
17804,160
17805,70
17806,80
17807,0
17808,70
17809,70
17810,80
17811,80
17812,100
17813,0
17814,290
17815,430
17816,100
17817,100
17818,100
17819,0
17820,0
17821,0
17822,90
17823,90
17824,100
17825,0
17826,0
17827,0
17828,0
17829,0
17830,0
17831,110
17832,0
17833,0
17834,0
17835,130
17836,120
17837,0
17838,100
17839,100
17840,110
17841,0
17842,0
17843,90
17844,0
17845,120
17846,140
17847,130
17848,0
17849,0
17850,130
17851,120
17852,0
17853,0
17854,0
17855,110
17856,0
17857,100
17858,100
17859,0
17860,100
17861,490
17862,570
17863,460
17864,0
17865,100
17866,0
17867,110
17868,100
17869,100
17870,0
17871,90
17872,90
17873,90
17874,80
17875,0
17876,90
17877,0
17878,80
17879,0
17880,0
17881,0
17882,80
17883,70
17884,0
17885,70
17886,70
17887,90
17888,0
17889,50
17890,50
17891,50
17892,0
17893,50
17894,40
17895,0
17896,50
17897,50
17898,50
17899,0
17900,0
17901,0
17902,0
17903,0
17904,0
17905,0
17906,60
17907,0
17908,0
17909,60
17910,60
17911,0
17912,60
17913,50
17914,0
17915,50
17916,40
17917,60
17918,30
17919,40
17920,0
17921,0
17922,0
17923,50
17924,60
17925,0
17926,60
17927,0
17928,50
17929,60
17930,0
17931,0
17932,60
17933,0
17934,60
17935,0
17936,0
17937,60
17938,0
17939,0
17940,50
17941,0
17942,80
17943,50
17944,0
17945,60
17946,220
17947,0
17948,120
17949,70
17950,50
17951,0
17952,130
17953,0
17954,110
17955,0
17956,100
17957,0
17958,100
17959,70
17960,0
17961,0
17962,0
17963,0
17964,0
17965,100
17966,100
17967,0
17968,100
17969,0
17970,110
17971,90
17972,100
17973,90
17974,110
17975,0
17976,0
17977,0
17978,110
17979,0
17980,0
17981,160
17982,80
17983,0
17984,90
17985,0
17986,70
17987,0
17988,100
17989,100
17990,80
17991,90
17992,100
17993,90
17994,0
17995,0
17996,110
17997,130
17998,110
17999,110
18000,300
18001,360
18002,140
18003,0
18004,0
18005,330
18006,0
18007,0
18008,0
18009,80
18010,0
18011,110
18012,0
18013,0
18014,0
18015,100
18016,80
18017,100
18018,0
18019,100
18020,0
18021,0
18022,0
18023,330
18024,0
18025,260
18026,0
18027,240
18028,240
18029,0
18030,100
18031,0
18032,90
18033,90
18034,80
18035,0
18036,0
18037,80
18038,0
18039,80
18040,80
18041,0
18042,0
18043,0
18044,0
18045,50
18046,0
18047,60
18048,0
18049,50
18050,60
18051,50
18052,0
18053,50
18054,60
18055,0
18056,70
18057,0
18058,60
18059,60
18060,50
18061,70
18062,50
18063,0
18064,0
18065,0
18066,0
18067,50
18068,50
18069,0
18070,0
18071,60
18072,60
18073,50
18074,60
18075,0
18076,50
18077,50
18078,50
18079,50
18080,0
18081,50
18082,0
18083,50
18084,60
18085,60
18086,60
18087,0
18088,0
18089,0
18090,60
18091,40
18092,0
18093,60
18094,50
18095,0
18096,0
18097,0
18098,0
18099,50
18100,50
18101,80
18102,100
18103,0
18104,160
18105,0
18106,0
18107,110
18108,100
18109,0
18110,0
18111,0
18112,0
18113,0
18114,110
18115,0
18116,0
18117,0
18118,0
18119,120
18120,120
18121,120
18122,330
18123,350
18124,0
18125,0
18126,100
18127,0
18128,0
18129,0
18130,0
18131,0
18132,0
18133,100
18134,80
18135,0
18136,0
18137,0
18138,90
18139,90
18140,0
18141,0
18142,90
18143,0
18144,90
18145,90
18146,0
18147,110
18148,110
18149,630
18150,0
18151,350
18152,120
18153,0
18154,110
18155,0
18156,150
18157,100
18158,120
18159,0
18160,0
18161,120
18162,120
18163,110
18164,100
18165,0
18166,80
18167,0
18168,0
18169,80
18170,80
18171,0
18172,0
18173,60
18174,60
18175,0
18176,50
18177,0
18178,60
18179,0
18180,40
18181,50
18182,0
18183,0
18184,0
18185,70
18186,50
18187,0
18188,0
18189,50
18190,50
18191,50
18192,0
18193,50
18194,60
18195,0
18196,0
18197,50
18198,0
18199,0
18200,0
18201,0
18202,40
18203,70
18204,0
18205,60
18206,0
18207,0
18208,60
18209,40
18210,50
18211,50
18212,0
18213,50
18214,0
18215,0
18216,60
18217,0
18218,80
18219,50
18220,0
18221,50
18222,50
18223,60
18224,40
18225,0
18226,40
18227,0
18228,70
18229,0
18230,70
18231,110
18232,0
18233,0
18234,0
18235,50
18236,0
18237,50
18238,0
18239,60
18240,50
18241,0
18242,0
18243,0
18244,0
18245,0
18246,60
18247,50
18248,0
18249,60
18250,50
18251,0
18252,0
18253,60
18254,0
18255,0
18256,0
18257,0
18258,50
18259,60
18260,0
18261,50
18262,60
18263,50
18264,0
18265,40
18266,0
18267,50
18268,0
18269,0
18270,40
18271,0
18272,60
18273,60
18274,0
18275,60
18276,0
18277,0
18278,0
18279,0
18280,0
18281,0
18282,50
18283,60
18284,60
18285,50
18286,0
18287,0
18288,0
18289,80
18290,0
18291,90
18292,0
18293,190
18294,0
18295,0
18296,90
18297,0
18298,90
18299,0
18300,100
18301,90
18302,0
18303,0
18304,0
18305,0
18306,120
18307,0
18308,140
18309,110
18310,0
18311,0
18312,0
18313,90
18314,0
18315,80
18316,50
18317,60
18318,50
18319,0
18320,0
18321,0
18322,40
18323,0
18324,0
18325,30
18326,0
18327,0
18328,0
18329,0
18330,60
18331,0
18332,60
18333,50
18334,50
18335,0
18336,0
18337,0
18338,40
18339,60
18340,50
18341,60
18342,60
18343,60
18344,50
18345,0
18346,0
18347,0
18348,0
18349,40
18350,60
18351,0
18352,60
18353,60
18354,0
18355,60
18356,0
18357,60
18358,50
18359,50
18360,40
18361,80
18362,70
18363,0
18364,50
18365,70
18366,0
18367,0
18368,0
18369,0
18370,70
18371,0
18372,50
18373,0
18374,50
18375,50
18376,50
18377,60
18378,0
18379,50
18380,0
18381,0
18382,0
18383,50
18384,0
18385,50
18386,0
18387,90
18388,0
18389,80
18390,70
18391,60
18392,0
18393,60
18394,0
18395,0
18396,90
18397,100
18398,0
18399,60
18400,70
18401,0
18402,0
18403,50
18404,0
18405,50
18406,0
18407,0
18408,0
18409,90
18410,80
18411,0
18412,80
18413,90
18414,0
18415,0
18416,80
18417,80
18418,0
18419,80
18420,80
18421,90
18422,90
18423,0
18424,80
18425,80
18426,0
18427,0
18428,50
18429,70
18430,140
18431,240
18432,60
18433,70
18434,0
18435,0
18436,0
18437,0
18438,0
18439,0
18440,0
18441,0
18442,210
18443,0
18444,130
18445,0
18446,0
18447,140
18448,160
18449,0
18450,0
18451,0
18452,0
18453,0
18454,290
18455,460
18456,160
18457,100
18458,0
18459,0
18460,0
18461,0
18462,60
18463,50
18464,0
18465,0
18466,60
18467,40
18468,50
18469,0
18470,0
18471,60
18472,0
18473,70
18474,60
18475,60
18476,50
18477,0
18478,40
18479,0
18480,50
18481,0
18482,50
18483,0
18484,0
18485,0
18486,0
18487,0
18488,50
18489,0
18490,50
18491,0
18492,40
18493,0
18494,0
18495,60
18496,40
18497,0
18498,60
18499,0
18500,60
18501,50
18502,60
18503,0
18504,0
18505,50
18506,0
18507,40
18508,50
18509,0
18510,0
18511,0
18512,60
18513,0
18514,60
18515,50
18516,50
18517,0
18518,0
18519,0
18520,0
18521,60
18522,0
18523,0
18524,50
18525,0
18526,50
18527,50
18528,50
18529,0
18530,40
18531,0
18532,0
18533,30
18534,0
18535,0
18536,0
18537,0
18538,0
18539,0
18540,0
18541,0
18542,0
18543,0
18544,50
18545,60
18546,0
18547,60
18548,50
18549,70
18550,0
18551,60
18552,0
18553,50
18554,40
18555,0
18556,0
18557,0
18558,0
18559,0
18560,60
18561,50
18562,60
18563,0
18564,0
18565,0
18566,0
18567,0
18568,0
18569,0
18570,80
18571,0
18572,0
18573,90
18574,80
18575,0
18576,80
18577,0
18578,0
18579,70
18580,0
18581,400
18582,520
18583,0
18584,0
18585,210
18586,110
18587,0
18588,70
18589,0
18590,0
18591,0
18592,0
18593,110
18594,100
18595,0
18596,0
18597,130
18598,0
18599,0
18600,0
18601,0
18602,0
18603,0
18604,0
18605,0
18606,0
18607,50
18608,50
18609,50
18610,0
18611,50
18612,0
18613,0
18614,50
18615,0
18616,60
18617,50
18618,60
18619,40
18620,50
18621,50
18622,60
18623,0
18624,70
18625,0
18626,0
18627,0
18628,50
18629,0
18630,40
18631,0
18632,0
18633,30
18634,20
18635,0
18636,0
18637,70
18638,0
18639,0
18640,0
18641,60
18642,50
18643,0
18644,0
18645,0
18646,0
18647,50
18648,0
18649,0
18650,80
18651,0
18652,0
18653,0
18654,0
18655,60
18656,50
18657,0
18658,0
18659,90
18660,90
18661,80
18662,90
18663,0
18664,70
18665,0
18666,80
18667,110
18668,130
18669,0
18670,130
18671,0
18672,0
18673,70
18674,60
18675,0
18676,0
18677,80
18678,60
18679,100
18680,80
18681,0
18682,0
18683,0
18684,0
18685,70
18686,80
18687,60
18688,60
18689,120
18690,0
18691,70
18692,60
18693,90
18694,0
18695,0
18696,0
18697,0
18698,0
18699,70
18700,0
18701,50
18702,0
18703,60
18704,70
18705,0
18706,60
18707,50
18708,60
18709,0
18710,0
18711,50
18712,50
18713,0
18714,40
18715,30
18716,0
18717,0
18718,0
18719,0
18720,70
18721,90
18722,60
18723,80
18724,70
18725,80
18726,0
18727,90
18728,0
18729,0
18730,0
18731,70
18732,80
18733,70
18734,0
18735,0
18736,0
18737,60
18738,0
18739,0
18740,70
18741,70
18742,0
18743,0
18744,60
18745,70
18746,0
18747,0
18748,0
18749,0
18750,60
18751,40
18752,0
18753,0
18754,0
18755,60
18756,0
18757,50
18758,50
18759,50
18760,50
18761,40
18762,0
18763,0
18764,40
18765,0
18766,60
18767,60
18768,0
18769,0
18770,50
18771,0
18772,0
18773,50
18774,0
18775,60
18776,50
18777,60
18778,0
18779,60
18780,0
18781,40
18782,0
18783,0
18784,0
18785,0
18786,50
18787,0
18788,60
18789,60
18790,0
18791,0
18792,50
18793,70
18794,40
18795,0
18796,0
18797,0
18798,50
18799,50
18800,60
18801,60
18802,50
18803,60
18804,80
18805,0
18806,0
18807,50
18808,60
18809,50
18810,50
18811,80
18812,0
18813,280
18814,0
18815,0
18816,100
18817,100
18818,80
18819,0
18820,0
18821,790
18822,410
18823,0
18824,0
18825,270
18826,0
18827,610
18828,470
18829,110
18830,590
18831,0
18832,0
18833,0
18834,0
18835,270
18836,0
18837,270
18838,230
18839,200
18840,0
18841,80
18842,0
18843,0
18844,250
18845,300
18846,0
18847,0
18848,0
18849,220
18850,110
18851,480
18852,0
18853,380
18854,0
18855,540
18856,0
18857,220
18858,0
18859,0
18860,90
18861,0
18862,100
18863,0
18864,100
18865,0
18866,0
18867,0
18868,80
18869,0
18870,80
18871,0
18872,0
18873,0
18874,120
18875,120
18876,0
18877,0
18878,0
18879,0
18880,110
18881,0
18882,0
18883,0
18884,0
18885,100
18886,100
18887,0
18888,0
18889,100
18890,0
18891,340
18892,0
18893,0
18894,0
18895,90
18896,60
18897,80
18898,70
18899,70
18900,0
18901,0
18902,160
18903,0
18904,140
18905,0
18906,50
18907,60
18908,60
18909,60
18910,60
18911,0
18912,60
18913,0
18914,60
18915,60
18916,50
18917,0
18918,60
18919,0
18920,50
18921,50
18922,0
18923,0
18924,0
18925,0
18926,0
18927,60
18928,50
18929,0
18930,50
18931,0
18932,0
18933,60
18934,50
18935,0
18936,0
18937,0
18938,50
18939,50
18940,40
18941,0
18942,0
18943,50
18944,0
18945,0
18946,70
18947,60
18948,60
18949,60
18950,60
18951,0
18952,70
18953,0
18954,60
18955,60
18956,50
18957,60
18958,220
18959,0
18960,0
18961,120
18962,120
18963,100
18964,0
18965,100
18966,110
18967,80
18968,90
18969,80
18970,150
18971,0
18972,0
18973,360
18974,470
18975,410
18976,290
18977,0
18978,0
18979,0
18980,0
18981,110
18982,110
18983,120
18984,100
18985,0
18986,100
18987,110
18988,0
18989,100
18990,100
18991,110
18992,110
18993,110
18994,110
18995,100
18996,0
18997,90
18998,0
18999,0
19000,0
19001,90
19002,0
19003,0
19004,80
19005,100
19006,0
19007,90
19008,0
19009,210
19010,0
19011,340
19012,0
19013,0
19014,160
19015,0
19016,110
19017,0
19018,0
19019,0
19020,0
19021,0
19022,110
19023,0
19024,0
19025,80
19026,0
19027,90
19028,0
19029,0
19030,130
19031,0
19032,120
19033,90
19034,100
19035,100
19036,90
19037,0
19038,70
19039,80
19040,0
19041,0
19042,0
19043,0
19044,0
19045,60
19046,0
19047,0
19048,0
19049,0
19050,60
19051,60
19052,0
19053,60
19054,60
19055,60
19056,50
19057,50
19058,0
19059,0
19060,0
19061,50
19062,60
19063,50
19064,0
19065,60
19066,0
19067,0
19068,60
19069,50
19070,0
19071,50
19072,50
19073,0
19074,50
19075,0
19076,0
19077,0
19078,0
19079,0
19080,0
19081,0
19082,0
19083,70
19084,0
19085,0
19086,0
19087,60
19088,0
19089,0
19090,80
19091,0
19092,60
19093,0
19094,50
19095,0
19096,0
19097,60
19098,0
19099,0
19100,50
19101,50
19102,0
19103,60
19104,0
19105,0
19106,50
19107,0
19108,0
19109,0
19110,0
19111,0
19112,50
19113,40
19114,0
19115,0
19116,60
19117,50
19118,60
19119,0
19120,0
19121,60
19122,0
19123,40
19124,50
19125,60
19126,0
19127,80
19128,0
19129,50
19130,0
19131,0
19132,50
19133,60
19134,60
19135,60
19136,50
19137,60
19138,0
19139,70
19140,0
19141,70
19142,0
19143,80
19144,60
19145,0
19146,70
19147,0
19148,60
19149,70
19150,100
19151,0
19152,0
19153,270
19154,0
19155,240
19156,590
19157,0
19158,460
19159,0
19160,0
19161,0
19162,0
19163,120
19164,110
19165,170
19166,110
19167,0
19168,0
19169,110
19170,110
19171,110
19172,110
19173,0
19174,0
19175,100
19176,100
19177,80
19178,0
19179,70
19180,0
19181,70
19182,60
19183,60
19184,70
19185,70
19186,70
19187,0
19188,50
19189,70
19190,50
19191,60
19192,0
19193,0
19194,0
19195,60
19196,50
19197,0
19198,50
19199,50
19200,0
19201,50
19202,0
19203,0
19204,0
19205,0
19206,50
19207,60
19208,0
19209,0
19210,50
19211,0
19212,50
19213,50
19214,0
19215,50
19216,50
19217,0
19218,0
19219,50
19220,50
19221,0
19222,60
19223,60
19224,0
19225,90
19226,0
19227,0
19228,60
19229,0
19230,60
19231,70
19232,70
19233,70
19234,0
19235,0
19236,0
19237,90
19238,0
19239,0
19240,0
19241,400
19242,210
19243,60
19244,0
19245,0
19246,50
19247,60
19248,0
19249,30
19250,30
19251,0
19252,0
19253,0
19254,0
19255,60
19256,60
19257,0
19258,60
19259,0
19260,90
19261,90
19262,0
19263,0
19264,0
19265,0
19266,0
19267,0
19268,0
19269,110
19270,0
19271,110
19272,0
19273,0
19274,0
19275,0
19276,0
19277,140
19278,0
19279,0
19280,150
19281,0
19282,0
19283,150
19284,0
19285,160
19286,0
19287,140
19288,0
19289,140
19290,0
19291,140
19292,0
19293,0
19294,0
19295,0
19296,0
19297,0
19298,0
19299,150
19300,130
19301,0
19302,480
19303,0
19304,0
19305,0
19306,0
19307,120
19308,120
19309,110
19310,0
19311,110
19312,110
19313,0
19314,0
19315,120
19316,100
19317,0
19318,0
19319,80
19320,0
19321,0
19322,90
19323,80
19324,0
19325,60
19326,0
19327,0
19328,70
19329,60
19330,60
19331,70
19332,0
19333,0
19334,0
19335,60
19336,60
19337,0
19338,60
19339,60
19340,0
19341,60
19342,50
19343,50
19344,50
19345,50
19346,50
19347,50
19348,0
19349,70
19350,50
19351,60
19352,0
19353,0
19354,0
19355,60
19356,60
19357,40
19358,0
19359,0
19360,0
19361,0
19362,50
19363,50
19364,0
19365,60
19366,50
19367,0
19368,60
19369,60
19370,80
19371,50
19372,0
19373,50
19374,40
19375,0
