id,WattHour
15001,87
15002,87
15003,86
15004,86
15005,87
15006,87
15007,77
15008,66
15009,63
15010,61
15011,60
15012,60
15013,53
15014,53
15015,52
15016,52
15017,52
15018,52
15019,52
15020,52
15021,52
15022,52
15023,52
15024,52
15025,52
15026,52
15027,52
15028,52
15029,52
15030,52
15031,51
15032,51
15033,51
15034,51
15035,52
15036,52
15037,51
15038,51
15039,51
15040,52
15041,52
15042,52
15043,52
15044,52
15045,52
15046,52
15047,53
15048,53
15049,56
15050,56
15051,55
15052,67
15053,56
15054,56
15055,61
15056,76
15057,61
15058,61
15059,62
15060,62
15061,88
15062,71
15063,71
15064,91
15065,89
15066,90
15067,101
15068,106
15069,109
15070,109
15071,114
15072,113
15073,123
15074,125
15075,124
15076,114
15077,124
15078,126
15079,136
15080,136
15081,134
15082,134
15083,132
15084,132
15085,134
15086,136
15087,137
15088,139
15089,120
15090,119
15091,143
15092,139
15093,142
15094,140
15095,142
15096,145
15097,144
15098,145
15099,151
15100,142
15101,148
15102,136
15103,142
15104,131
15105,141
15106,135
15107,138
15108,122
15109,119
15110,118
15111,120
15112,122
15113,122
15114,125
15115,128
15116,126
15117,125
15118,125
15119,125
15120,128
15121,157
15122,157
15123,142
15124,156
15125,143
15126,145
15127,153
15128,149
15129,181
15130,188
15131,164
15132,191
15133,136
15134,135
15135,135
15136,138
15137,141
15138,141
15139,125
15140,128
15141,127
15142,124
15143,129
15144,127
15145,101
15146,100
15147,100
15148,99
15149,100
15150,100
15151,77
15152,79
15153,76
15154,77
15155,76
15156,76
15157,72
15158,73
15159,73
15160,73
15161,74
15162,75
15163,60
15164,73
15165,70
15166,59
15167,54
15168,54
15169,58
15170,54
15171,53
15172,53
15173,53
15174,53
15175,53
15176,53
15177,53
15178,53
15179,52
15180,52
15181,52
15182,52
15183,51
15184,51
15185,51
15186,51
15187,52
15188,52
15189,52
15190,51
15191,51
15192,51
15193,53
15194,53
15195,53
15196,53
15197,53
15198,53
15199,58
15200,58
15201,59
15202,74
15203,59
15204,59
15205,70
15206,70
15207,70
15208,70
15209,70
15210,69
15211,97
15212,96
15213,101
15214,105
15215,105
15216,103
15217,134
15218,135
15219,136
15220,136
15221,134
15222,134
15223,145
15224,141
15225,137
15226,137
15227,133
15228,132
15229,131
15230,130
15231,126
15232,126
15233,127
15234,123
15235,118
15236,117
15237,120
15238,126
15239,130
15240,130
15241,134
15242,135
15243,139
15244,140
15245,139
15246,142
15247,142
15248,142
15249,142
15250,143
15251,143
15252,140
15253,138
15254,139
15255,140
15256,143
15257,141
15258,138
15259,134
15260,129
15261,139
15262,141
15263,140
15264,135
15265,133
15266,130
15267,133
15268,133
15269,133
15270,131
15271,138
15272,138
15273,137
15274,136
15275,136
15276,136
15277,132
15278,133
15279,131
15280,130
15281,131
15282,131
15283,118
15284,117
15285,115
15286,115
15287,114
15288,130
15289,94
15290,96
15291,96
15292,96
15293,96
15294,97
15295,77
15296,73
15297,70
15298,68
15299,67
15300,67
15301,56
15302,55
15303,56
15304,56
15305,56
15306,56
15307,54
15308,54
15309,54
15310,53
15311,53
15312,53
15313,53
15314,53
15315,53
15316,53
15317,52
15318,52
15319,52
15320,52
15321,51
15322,51
15323,52
15324,52
15325,52
15326,52
15327,51
15328,51
15329,52
15330,51
15331,52
15332,53
15333,53
15334,52
15335,52
15336,52
15337,54
15338,54
15339,53
15340,68
15341,53
15342,52
15343,55
15344,56
15345,72
15346,56
15347,55
15348,75
15349,97
15350,84
15351,97
15352,95
15353,97
15354,96
15355,120
15356,119
15357,118
15358,120
15359,120
15360,119
15361,125
15362,128
15363,125
15364,128
15365,126
15366,127
15367,134
15368,133
15369,132
15370,137
15371,115
15372,113
15373,140
15374,114
15375,112
15376,142
15377,111
15378,113
15379,105
15380,104
15381,101
15382,101
15383,97
15384,97
15385,96
15386,97
15387,98
15388,97
15389,100
15390,99
15391,100
15392,99
15393,98
15394,98
15395,99
15396,101
15397,105
15398,105
15399,105
15400,103
15401,101
15402,100
15403,102
15404,100
15405,100
15406,102
15407,104
15408,102
15409,108
15410,110
15411,113
15412,116
15413,116
15414,117
15415,122
15416,123
15417,124
15418,165
15419,121
15420,118
15421,117
15422,115
15423,114
15424,113
15425,117
15426,117
15427,108
15428,108
15429,109
15430,107
15431,105
15432,106
15433,100
15434,100
15435,99
15436,99
15437,98
15438,98
15439,75
15440,74
15441,71
15442,70
15443,69
15444,69
15445,66
15446,67
15447,65
15448,68
15449,67
15450,66
15451,67
15452,55
15453,55
15454,55
15455,49
15456,49
15457,49
15458,49
15459,53
15460,49
15461,49
15462,48
15463,48
15464,48
15465,48
15466,47
15467,48
15468,54
15469,47
15470,48
15471,47
15472,47
15473,48
15474,48
15475,48
15476,48
15477,48
15478,48
15479,48
15480,48
15481,63
15482,49
15483,49
15484,49
15485,49
15486,61
15487,51
15488,51
15489,51
15490,51
15491,51
15492,51
15493,66
15494,67
15495,67
15496,67
15497,66
15498,67
15499,89
15500,88
15501,91
15502,93
15503,91
15504,90
15505,98
15506,96
15507,114
15508,103
15509,107
15510,109
15511,109
15512,113
15513,113
15514,118
15515,141
15516,127
15517,133
15518,137
15519,139
15520,104
15521,104
15522,104
15523,101
15524,104
15525,106
15526,109
15527,110
15528,113
15529,113
15530,110
15531,113
15532,113
15533,112
15534,109
15535,99
15536,98
15537,96
15538,91
15539,91
15540,91
15541,88
15542,90
15543,95
15544,99
15545,102
15546,105
15547,109
15548,110
15549,107
15550,105
15551,106
15552,100
15553,109
15554,103
15555,101
15556,103
15557,105
15558,104
15559,115
15560,116
15561,119
15562,121
15563,120
15564,121
15565,117
15566,115
15567,113
15568,113
15569,114
15570,111
15571,108
15572,110
15573,109
15574,110
15575,107
15576,105
15577,117
15578,91
15579,90
15580,87
15581,86
15582,85
15583,68
15584,67
15585,63
15586,62
15587,61
15588,60
15589,55
15590,54
15591,53
15592,53
15593,53
15594,53
15595,50
15596,50
15597,50
15598,50
15599,50
15600,50
15601,49
15602,49
15603,49
15604,49
15605,49
15606,49
15607,49
15608,49
15609,49
15610,49
15611,49
15612,49
15613,49
15614,49
15615,49
15616,49
15617,49
15618,49
15619,50
15620,50
15621,50
15622,50
15623,50
15624,50
15625,54
15626,54
15627,53
15628,54
15629,54
15630,54
15631,58
15632,57
15633,58
15634,58
15635,58
15636,58
15637,96
15638,69
15639,69
15640,69
15641,68
15642,68
15643,89
15644,90
15645,90
15646,93
15647,94
15648,94
15649,108
15650,109
15651,108
15652,110
15653,109
15654,110
15655,113
15656,114
15657,115
15658,116
15659,116
15660,116
15661,122
15662,123
15663,125
15664,127
15665,127
15666,128
15667,129
15668,130
15669,128
15670,125
15671,124
15672,122
15673,118
15674,117
15675,113
15676,111
15677,111
15678,107
15679,101
15680,106
15681,110
15682,106
15683,106
15684,112
15685,116
15686,117
15687,113
15688,111
15689,111
15690,109
15691,102
15692,104
15693,104
15694,106
15695,107
15696,109
15697,118
15698,120
15699,121
15700,121
15701,120
15702,160
15703,133
15704,153
15705,154
15706,136
15707,136
15708,136
15709,141
15710,129
15711,127
15712,125
15713,126
15714,128
15715,115
15716,113
15717,112
15718,110
15719,108
15720,108
15721,86
15722,87
15723,97
15724,87
15725,96
15726,85
15727,67
15728,65
15729,61
15730,60
15731,59
15732,59
15733,52
15734,52
15735,53
15736,52
15737,52
15738,52
15739,51
15740,51
15741,51
15742,52
15743,52
15744,52
15745,51
15746,51
15747,51
15748,51
15749,52
15750,51
15751,51
15752,51
15753,51
15754,52
15755,52
15756,52
15757,52
15758,52
15759,52
15760,52
15761,53
15762,53
15763,52
15764,52
15765,52
15766,52
15767,53
15768,53
15769,57
15770,56
15771,56
15772,57
15773,57
15774,57
15775,63
15776,63
15777,63
15778,64
15779,64
15780,65
15781,68
15782,68
15783,68
15784,69
15785,69
15786,69
15787,84
15788,84
15789,87
15790,88
15791,89
15792,100
15793,87
15794,85
15795,84
15796,84
15797,82
15798,81
15799,77
15800,77
15801,103
15802,75
15803,75
15804,75
15805,73
15806,71
15807,71
15808,71
15809,113
15810,71
15811,71
15812,71
15813,76
15814,77
15815,77
15816,78
15817,78
15818,125
15819,76
15820,75
15821,75
15822,73
15823,80
15824,84
15825,86
15826,90
15827,149
15828,91
15829,92
15830,93
15831,97
15832,100
15833,106
15834,157
15835,121
15836,123
15837,127
15838,127
15839,164
15840,129
15841,129
15842,127
15843,132
15844,134
15845,134
15846,135
15847,174
15848,134
15849,135
15850,137
15851,136
15852,136
15853,131
15854,127
15855,124
15856,155
15857,124
15858,125
15859,116
15860,116
15861,115
15862,114
15863,112
15864,114
15865,92
15866,95
15867,95
15868,95
15869,95
15870,96
15871,70
15872,70
15873,63
15874,84
15875,59
15876,59
15877,51
15878,52
15879,52
15880,52
15881,51
15882,52
15883,50
15884,50
15885,50
15886,50
15887,50
15888,50
15889,50
15890,50
15891,50
15892,50
15893,50
15894,50
15895,49
15896,49
15897,49
15898,49
15899,49
15900,49
15901,49
15902,49
15903,49
15904,48
15905,48
15906,48
15907,49
15908,49
15909,49
15910,49
15911,49
15912,49
15913,50
15914,50
15915,50
15916,50
15917,50
15918,50
15919,54
15920,54
15921,54
15922,54
15923,54
15924,55
15925,70
15926,70
15927,70
15928,70
15929,71
15930,71
15931,89
15932,98
15933,93
15934,96
15935,96
15936,97
15937,98
15938,101
15939,102
15940,104
15941,106
15942,110
15943,109
15944,107
15945,106
15946,104
15947,100
15948,102
15949,98
15950,98
15951,98
15952,96
15953,99
15954,99
15955,96
15956,96
15957,95
15958,97
15959,91
15960,88
15961,90
15962,85
15963,85
15964,84
15965,84
15966,84
15967,87
15968,86
15969,84
15970,85
15971,83
15972,79
15973,84
15974,85
15975,86
15976,87
15977,88
15978,90
15979,95
15980,95
15981,94
15982,93
15983,93
15984,95
15985,110
15986,112
15987,115
15988,117
15989,118
15990,118
15991,118
15992,119
15993,123
15994,125
15995,127
15996,125
15997,116
15998,157
15999,112
16000,114
16001,113
16002,110
16003,98
16004,96
16005,93
16006,92
16007,91
16008,89
16009,74
16010,109
16011,74
16012,74
16013,74
16014,73
16015,66
16016,65
16017,61
16018,58
16019,58
16020,58
16021,54
16022,55
16023,56
16024,55
16025,55
16026,55
16027,51
16028,50
16029,50
16030,50
16031,50
16032,50
16033,50
16034,50
16035,50
16036,49
16037,49
16038,49
16039,49
16040,49
16041,49
16042,49
16043,49
16044,49
16045,49
16046,49
16047,49
16048,49
16049,49
16050,49
16051,50
16052,50
16053,50
16054,50
16055,50
16056,50
16057,52
16058,52
16059,62
16060,53
16061,53
16062,52
16063,55
16064,55
16065,55
16066,55
16067,56
16068,56
16069,69
16070,70
16071,69
16072,68
16073,68
16074,67
16075,85
16076,85
16077,86
16078,89
16079,90
16080,87
16081,77
16082,77
16083,79
16084,78
16085,77
16086,79
16087,71
16088,74
16089,73
16090,72
16091,73
16092,74
16093,72
16094,74
16095,74
16096,77
16097,78
16098,80
16099,75
16100,77
16101,76
16102,81
16103,82
16104,82
16105,81
16106,81
16107,82
16108,79
16109,80
16110,80
16111,81
16112,81
16113,81
16114,81
16115,81
16116,81
16117,85
16118,85
16119,85
16120,85
16121,86
16122,86
16123,95
16124,94
16125,94
16126,95
16127,97
16128,97
16129,121
16130,178
16131,180
16132,183
16133,131
16134,129
16135,129
16136,131
16137,135
16138,138
16139,198
16140,144
16141,136
16142,134
16143,129
16144,169
16145,126
16146,167
16147,142
16148,140
16149,110
16150,110
16151,110
16152,142
16153,104
16154,103
16155,101
16156,103
16157,101
16158,99
16159,81
16160,80
16161,76
16162,79
16163,76
16164,77
16165,61
16166,62
16167,62
16168,63
16169,63
16170,63
16171,55
16172,55
16173,55
16174,55
16175,55
16176,55
16177,55
16178,55
16179,55
16180,55
16181,56
16182,56
16183,55
16184,55
16185,55
16186,55
16187,54
16188,54
16189,54
16190,54
16191,54
16192,54
16193,53
16194,53
16195,55
16196,55
16197,55
16198,54
16199,54
16200,54
16201,59
16202,59
16203,59
16204,77
16205,59
16206,58
16207,69
16208,70
16209,80
16210,72
16211,72
16212,72
16213,81
16214,80
16215,81
16216,81
16217,84
16218,103
16219,90
16220,89
16221,90
16222,94
16223,97
16224,102
16225,110
16226,108
16227,110
16228,161
16229,114
16230,112
16231,112
16232,113
16233,115
16234,115
16235,115
16236,115
16237,167
16238,117
16239,113
16240,111
16241,112
16242,112
16243,110
16244,112
16245,109
16246,108
16247,106
16248,103
16249,103
16250,103
16251,104
16252,104
16253,107
16254,111
16255,112
16256,112
16257,109
16258,107
16259,108
16260,108
16261,108
16262,105
16263,105
16264,104
16265,105
16266,104
16267,109
16268,112
16269,114
16270,116
16271,120
16272,123
16273,146
16274,146
16275,145
16276,143
16277,141
16278,140
16279,143
16280,146
16281,151
16282,153
16283,154
16284,157
16285,145
16286,148
16287,146
16288,143
16289,141
16290,141
16291,124
16292,147
16293,119
16294,114
16295,106
16296,100
16297,112
16298,82
16299,82
16300,107
16301,80
16302,78
16303,69
16304,68
16305,64
16306,61
16307,61
16308,59
16309,56
16310,55
16311,55
16312,54
16313,53
16314,53
16315,52
16316,52
16317,52
16318,52
16319,52
16320,52
16321,51
16322,51
16323,51
16324,51
16325,51
16326,51
16327,51
16328,51
16329,51
16330,51
16331,51
16332,51
16333,51
16334,51
16335,50
16336,50
16337,50
16338,51
16339,51
16340,51
16341,51
16342,51
16343,51
16344,51
16345,54
16346,64
16347,54
16348,54
16349,66
16350,54
16351,61
16352,61
16353,61
16354,62
16355,62
16356,62
16357,74
16358,75
16359,75
16360,74
16361,74
16362,77
16363,107
16364,90
16365,92
16366,94
16367,94
16368,95
16369,87
16370,121
16371,86
16372,122
16373,123
16374,87
16375,82
16376,82
16377,84
16378,84
16379,133
16380,138
16381,89
16382,90
16383,149
16384,89
16385,88
16386,88
16387,151
16388,84
16389,82
16390,147
16391,83
16392,84
16393,85
16394,143
16395,84
16396,85
16397,148
16398,86
16399,87
16400,148
16401,87
16402,87
16403,88
16404,150
16405,93
16406,94
16407,94
16408,94
16409,93
16410,93
16411,99
16412,99
16413,99
16414,100
16415,101
16416,101
16417,124
16418,123
16419,127
16420,128
16421,128
16422,128
16423,130
16424,131
16425,132
16426,132
16427,134
16428,135
16429,126
16430,126
16431,125
16432,126
16433,127
16434,127
16435,116
16436,118
16437,121
16438,122
16439,122
16440,124
16441,102
16442,101
16443,98
16444,96
16445,94
16446,93
16447,76
16448,74
16449,69
16450,88
16451,64
16452,66
16453,64
16454,64
16455,64
16456,62
16457,61
16458,61
16459,54
16460,54
16461,54
16462,55
16463,55
16464,55
16465,55
16466,54
16467,54
16468,54
16469,54
16470,53
16471,53
16472,53
16473,53
16474,53
16475,53
16476,54
16477,55
16478,55
16479,56
16480,56
16481,55
16482,55
16483,54
16484,54
16485,54
16486,54
16487,54
16488,54
16489,60
16490,60
16491,59
16492,59
16493,59
16494,60
16495,69
16496,68
16497,68
16498,68
16499,68
16500,70
16501,82
16502,81
16503,80
16504,80
16505,108
16506,81
16507,87
16508,88
16509,86
16510,128
16511,90
16512,91
16513,92
16514,94
16515,93
16516,96
16517,101
16518,154
16519,104
16520,105
16521,106
16522,159
16523,105
16524,105
16525,106
16526,103
16527,102
16528,98
16529,155
16530,91
16531,85
16532,154
16533,84
16534,82
16535,153
16536,83
16537,84
16538,84
16539,83
16540,84
16541,85
16542,84
16543,86
16544,86
16545,85
16546,86
16547,88
16548,86
16549,89
16550,89
16551,89
16552,90
16553,90
16554,90
16555,99
16556,102
16557,104
16558,107
16559,109
16560,110
16561,132
16562,133
16563,135
16564,136
16565,137
16566,138
16567,140
16568,141
16569,142
16570,143
16571,144
16572,194
16573,130
16574,133
16575,131
16576,131
16577,133
16578,132
16579,122
16580,121
16581,122
16582,121
16583,121
16584,121
16585,99
16586,122
16587,120
16588,101
16589,101
16590,104
16591,95
16592,94
16593,100
16594,89
16595,85
16596,82
16597,76
16598,76
16599,75
16600,75
16601,71
16602,71
16603,56
16604,56
16605,56
16606,56
16607,56
16608,56
16609,56
16610,56
16611,56
16612,56
16613,56
16614,56
16615,56
16616,56
16617,56
16618,56
16619,56
16620,55
16621,57
16622,56
16623,56
16624,56
16625,56
16626,56
16627,57
16628,57
16629,57
16630,58
16631,57
16632,57
16633,64
16634,64
16635,64
16636,64
16637,64
16638,64
16639,77
16640,76
16641,77
16642,95
16643,77
16644,78
16645,91
16646,92
16647,92
16648,91
16649,92
16650,91
16651,94
16652,95
16653,96
16654,100
16655,100
16656,102
16657,100
16658,101
16659,100
16660,101
16661,99
16662,100
16663,97
16664,98
16665,97
16666,99
16667,98
16668,98
16669,96
16670,95
16671,97
16672,97
16673,97
16674,97
16675,96
16676,96
16677,97
16678,99
16679,99
16680,98
16681,97
16682,99
16683,100
16684,105
16685,107
16686,111
16687,112
16688,110
16689,109
16690,109
16691,106
16692,105
16693,109
16694,111
16695,110
16696,172
16697,114
16698,119
16699,132
16700,131
16701,131
16702,135
16703,134
16704,134
16705,180
16706,150
16707,151
16708,153
16709,153
16710,151
16711,151
16712,151
16713,152
16714,187
16715,151
16716,151
16717,139
16718,139
16719,138
16720,137
16721,156
16722,157
16723,137
16724,139
16725,140
16726,123
16727,122
16728,121
16729,97
16730,119
16731,97
16732,98
16733,99
16734,99
16735,87
16736,87
16737,84
16738,84
16739,84
16740,81
16741,77
16742,78
16743,77
16744,88
16745,77
16746,76
16747,60
16748,60
16749,59
16750,59
16751,59
16752,59
16753,59
16754,59
16755,60
16756,61
16757,61
16758,61
16759,63
16760,63
16761,63
16762,63
16763,63
16764,63
16765,65
16766,65
16767,66
16768,66
16769,66
16770,66
16771,67
16772,67
16773,67
16774,67
16775,66
16776,66
16777,73
16778,73
16779,73
16780,73
16781,73
16782,73
16783,85
16784,85
16785,85
16786,85
16787,85
16788,84
16789,95
16790,95
16791,95
16792,94
16793,94
16794,94
16795,97
16796,98
16797,100
16798,103
16799,104
16800,101
16801,100
16802,101
16803,101
16804,102
16805,104
16806,105
16807,100
16808,100
16809,101
16810,104
16811,100
16812,98
16813,95
16814,95
16815,95
16816,95
16817,96
16818,95
16819,94
16820,97
16821,98
16822,102
16823,103
16824,103
16825,172
16826,109
16827,170
16828,110
16829,110
16830,111
16831,116
16832,115
16833,115
16834,114
16835,107
16836,105
16837,109
16838,108
16839,109
16840,108
16841,108
16842,108
16843,122
16844,123
16845,124
16846,125
16847,125
16848,126
16849,150
16850,151
16851,154
16852,153
16853,153
16854,152
16855,149
16856,185
16857,150
16858,150
16859,151
16860,150
16861,141
16862,141
16863,137
16864,136
16865,161
16866,133
16867,122
16868,121
16869,121
16870,124
16871,125
16872,126
16873,114
16874,106
16875,105
16876,105
16877,105
16878,105
16879,96
16880,87
16881,84
16882,81
16883,81
16884,80
16885,75
16886,76
16887,75
16888,74
16889,74
16890,75
16891,59
16892,59
16893,59
16894,59
16895,59
16896,58
16897,57
16898,57
16899,57
16900,57
16901,57
16902,57
16903,57
16904,57
16905,57
16906,57
16907,57
16908,58
16909,60
16910,60
16911,60
16912,59
16913,59
16914,59
16915,61
16916,61
16917,63
16918,64
16919,63
16920,63
16921,72
16922,72
16923,72
16924,72
16925,73
16926,72
16927,86
16928,86
16929,86
16930,86
16931,85
16932,85
16933,97
16934,95
16935,94
16936,94
16937,94
16938,94
16939,102
16940,121
16941,101
16942,103
16943,103
16944,102
16945,103
16946,105
16947,106
16948,105
16949,105
16950,105
16951,102
16952,101
16953,100
16954,98
16955,97
16956,95
16957,93
16958,92
16959,91
16960,93
16961,92
16962,93
16963,91
16964,92
16965,93
16966,94
16967,94
16968,94
16969,95
16970,96
16971,96
16972,96
16973,97
16974,97
16975,98
16976,98
16977,100
16978,100
16979,100
16980,101
16981,106
16982,106
16983,108
16984,109
16985,108
16986,108
16987,119
16988,119
16989,119
16990,119
16991,119
16992,119
16993,141
16994,142
16995,148
16996,149
16997,151
16998,151
16999,150
17000,150
17001,149
17002,151
17003,150
17004,149
17005,139
17006,138
17007,135
17008,136
17009,137
17010,165
17011,124
17012,124
17013,123
17014,148
17015,124
17016,122
17017,97
17018,97
17019,98
17020,98
17021,98
17022,98
17023,88
17024,87
17025,85
17026,86
17027,83
17028,83
17029,80
17030,78
17031,78
17032,78
17033,78
17034,78
17035,60
17036,60
17037,60
17038,60
17039,60
17040,60
17041,60
17042,60
17043,60
17044,60
17045,60
17046,61
17047,61
17048,61
17049,61
17050,61
17051,61
17052,61
17053,63
17054,63
17055,63
17056,63
17057,63
17058,63
17059,65
17060,65
17061,65
17062,66
17063,66
17064,65
17065,72
17066,71
17067,88
17068,87
17069,70
17070,70
17071,88
17072,84
17073,83
17074,84
17075,83
17076,84
17077,110
17078,93
17079,93
17080,94
17081,92
17082,93
17083,97
17084,125
17085,98
17086,102
17087,101
17088,101
17089,100
17090,102
17091,104
17092,105
17093,158
17094,103
17095,99
17096,100
17097,100
17098,101
17099,101
17100,101
17101,100
17102,97
17103,97
17104,154
17105,152
17106,149
17107,93
17108,92
17109,92
17110,150
17111,150
17112,149
17113,159
17114,95
17115,93
17116,95
17117,95
17118,95
17119,96
17120,96
17121,96
17122,96
17123,96
17124,96
17125,104
17126,104
17127,104
17128,104
17129,159
17130,159
17131,166
17132,165
17133,165
17134,164
17135,166
17136,165
17137,177
17138,180
17139,181
17140,180
17141,181
17142,181
17143,178
17144,178
17145,187
17146,192
17147,189
17148,191
17149,159
17150,165
17151,143
17152,142
17153,141
17154,141
17155,128
17156,129
17157,127
17158,127
17159,127
17160,127
17161,111
17162,109
17163,107
17164,108
17165,110
17166,114
17167,96
17168,96
17169,94
17170,92
17171,95
17172,94
17173,75
17174,75
17175,74
17176,74
17177,73
17178,73
17179,60
17180,60
17181,59
17182,59
17183,59
17184,58
17185,56
17186,56
17187,56
17188,56
17189,56
17190,56
17191,56
17192,57
17193,57
17194,57
17195,58
17196,58
17197,60
17198,60
17199,60
17200,60
17201,60
17202,60
17203,63
17204,63
17205,63
17206,63
17207,62
17208,62
17209,71
17210,72
17211,78
17212,72
17213,72
17214,81
17215,89
17216,89
17217,89
17218,99
17219,89
17220,89
17221,124
17222,103
17223,103
17224,103
17225,103
17226,103
17227,114
17228,115
17229,116
17230,117
17231,118
17232,119
17233,135
17234,135
17235,136
17236,135
17237,135
17238,136
17239,145
17240,145
17241,144
17242,144
17243,144
17244,144
17245,146
17246,147
17247,150
17248,154
17249,152
17250,154
17251,154
17252,155
17253,152
17254,150
17255,145
17256,142
17257,136
17258,138
17259,136
17260,137
17261,134
17262,131
17263,128
17264,129
17265,133
17266,136
17267,139
17268,145
17269,144
17270,145
17271,144
17272,140
17273,140
17274,139
17275,140
17276,141
17277,141
17278,141
17279,139
17280,143
17281,153
17282,153
17283,155
17284,156
17285,158
17286,158
17287,151
17288,153
17289,154
17290,155
17291,155
17292,154
17293,147
17294,147
17295,146
17296,145
17297,146
17298,147
17299,129
17300,128
17301,129
17302,127
17303,128
17304,128
17305,119
17306,99
17307,100
17308,99
17309,98
17310,96
17311,88
17312,86
17313,84
17314,82
17315,80
17316,81
17317,72
17318,72
17319,73
17320,73
17321,74
17322,75
17323,59
17324,60
17325,60
17326,59
17327,60
17328,60
17329,60
17330,60
17331,60
17332,62
17333,62
17334,62
17335,62
17336,62
17337,61
17338,61
17339,61
17340,61
17341,63
17342,63
17343,63
17344,62
17345,63
17346,63
17347,65
17348,65
17349,65
17350,65
17351,65
17352,65
17353,75
17354,75
17355,75
17356,75
17357,75
17358,86
17359,91
17360,91
17361,91
17362,91
17363,91
17364,91
17365,103
17366,103
17367,104
17368,104
17369,105
17370,105
17371,121
17372,121
17373,123
17374,124
17375,124
17376,124
17377,142
17378,141
17379,141
17380,140
17381,138
17382,132
17383,144
17384,144
17385,145
17386,145
17387,144
17388,146
17389,148
17390,149
17391,147
17392,147
17393,144
17394,144
17395,143
17396,142
17397,143
17398,144
17399,144
17400,144
17401,144
17402,143
17403,141
17404,141
17405,141
17406,139
17407,142
17408,142
17409,141
17410,141
17411,138
17412,138
17413,140
17414,140
17415,139
17416,140
17417,140
17418,141
17419,145
17420,146
17421,146
17422,146
17423,148
17424,148
17425,156
17426,156
17427,155
17428,156
17429,155
17430,156
17431,151
17432,151
17433,153
17434,154
17435,158
17436,157
17437,151
17438,168
17439,147
17440,146
17441,146
17442,145
17443,132
17444,131
17445,130
17446,130
17447,129
17448,128
17449,102
17450,102
17451,101
17452,100
17453,104
17454,106
17455,98
17456,100
17457,96
17458,94
17459,89
17460,89
17461,77
17462,79
17463,79
17464,79
17465,79
17466,81
17467,63
17468,64
17469,63
17470,63
17471,61
17472,61
17473,61
17474,61
17475,61
17476,61
17477,61
17478,61
17479,61
17480,61
17481,61
17482,61
17483,61
17484,61
17485,64
17486,64
17487,64
17488,63
17489,63
17490,63
17491,66
17492,66
17493,66
17494,66
17495,66
17496,66
17497,75
17498,75
17499,75
17500,75
17501,75
17502,75
17503,93
17504,92
17505,92
17506,91
17507,91
17508,91
17509,104
17510,102
17511,102
17512,113
17513,103
17514,103
17515,121
17516,119
17517,117
17518,119
17519,118
17520,120
17521,140
17522,130
17523,140
17524,139
17525,140
17526,139
17527,152
17528,154
17529,154
17530,153
17531,170
17532,155
17533,157
17534,156
17535,155
17536,155
17537,152
17538,149
17539,149
17540,147
17541,160
17542,145
17543,141
17544,140
17545,138
17546,139
17547,139
17548,137
17549,136
17550,138
17551,138
17552,138
17553,138
17554,139
17555,137
17556,136
17557,137
17558,138
17559,137
17560,138
17561,138
17562,140
17563,145
17564,144
17565,145
17566,145
17567,146
17568,148
17569,155
17570,155
17571,157
17572,158
17573,158
17574,157
17575,149
17576,150
17577,151
17578,152
17579,155
17580,157
17581,149
17582,148
17583,148
17584,148
17585,148
17586,147
17587,133
17588,131
17589,131
17590,130
17591,130
17592,130
17593,105
17594,112
17595,112
17596,112
17597,102
17598,102
17599,89
17600,89
17601,88
17602,85
17603,83
17604,83
17605,72
17606,71
17607,71
17608,71
17609,71
17610,72
17611,60
17612,60
17613,60
17614,60
17615,60
17616,61
17617,61
17618,61
17619,61
17620,61
17621,61
17622,61
17623,61
17624,61
17625,61
17626,61
17627,61
17628,61
17629,64
17630,64
17631,64
17632,64
17633,64
17634,64
17635,66
17636,66
17637,66
17638,66
17639,66
17640,66
17641,75
17642,75
17643,75
17644,75
17645,75
17646,75
17647,92
17648,92
17649,92
17650,91
17651,91
17652,91
17653,105
17654,105
17655,105
17656,105
17657,104
17658,105
17659,121
17660,124
17661,126
17662,129
17663,128
17664,132
17665,140
17666,143
17667,146
17668,149
17669,150
17670,151
17671,163
17672,164
17673,163
17674,163
17675,160
17676,161
17677,160
17678,162
17679,162
17680,141
17681,144
17682,148
17683,147
17684,146
17685,144
17686,143
17687,139
17688,136
17689,134
17690,136
17691,137
17692,138
17693,138
17694,143
17695,149
17696,149
17697,149
17698,147
17699,171
17700,145
17701,146
17702,146
17703,149
17704,148
17705,149
17706,148
17707,152
17708,151
17709,152
17710,151
17711,148
17712,154
17713,161
17714,161
17715,160
17716,159
17717,159
17718,160
17719,155
17720,155
17721,156
17722,158
17723,158
17724,190
17725,145
17726,149
17727,147
17728,144
17729,142
17730,141
17731,133
17732,133
17733,130
17734,130
17735,135
17736,152
17737,112
17738,118
17739,120
17740,120
17741,122
17742,124
17743,106
17744,105
17745,100
17746,97
17747,96
17748,96
17749,89
17750,89
17751,89
17752,87
17753,87
17754,87
17755,62
17756,62
17757,62
17758,62
17759,62
17760,62
17761,60
17762,60
17763,60
17764,60
17765,60
17766,60
17767,60
17768,58
17769,59
17770,59
17771,59
17772,59
17773,61
17774,62
17775,60
17776,60
17777,62
17778,63
17779,64
17780,64
17781,65
17782,66
17783,66
17784,66
17785,75
17786,75
17787,77
17788,77
17789,77
17790,77
17791,89
17792,90
17793,89
17794,89
17795,89
17796,89
17797,104
17798,105
17799,105
17800,105
17801,106
17802,106
17803,119
17804,120
17805,121
17806,123
17807,124
17808,124
17809,133
17810,135
17811,134
17812,135
17813,136
17814,135
17815,136
17816,135
17817,134
17818,133
17819,133
17820,133
17821,128
17822,129
17823,129
17824,132
17825,134
17826,134
17827,131
17828,131
17829,130
17830,130
17831,134
17832,135
17833,137
17834,135
17835,167
17836,133
17837,131
17838,132
17839,132
17840,130
17841,129
17842,130
17843,130
17844,129
17845,130
17846,130
17847,130
17848,133
17849,133
17850,134
17851,145
17852,145
17853,145
17854,146
17855,148
17856,148
17857,159
17858,158
17859,159
17860,161
17861,158
17862,192
17863,158
17864,191
17865,159
17866,198
17867,162
17868,162
17869,149
17870,148
17871,146
17872,147
17873,147
17874,169
17875,138
17876,138
17877,139
17878,140
17879,152
17880,140
17881,115
17882,118
17883,120
17884,120
17885,119
17886,117
17887,100
17888,101
17889,95
17890,92
17891,85
17892,85
17893,81
17894,81
17895,78
17896,76
17897,76
17898,73
17899,58
17900,58
17901,58
17902,58
17903,58
17904,58
17905,58
17906,57
17907,56
17908,55
17909,55
17910,55
17911,56
17912,55
17913,55
17914,55
17915,55
17916,55
17917,56
17918,56
17919,56
17920,56
17921,56
17922,56
17923,57
17924,57
17925,57
17926,57
17927,57
17928,57
17929,64
17930,64
17931,63
17932,64
17933,64
17934,64
17935,72
17936,72
17937,72
17938,73
17939,73
17940,74
17941,84
17942,84
17943,84
17944,85
17945,84
17946,84
17947,90
17948,93
17949,95
17950,102
17951,103
17952,143
17953,122
17954,123
17955,122
17956,123
17957,129
17958,129
17959,135
17960,133
17961,159
17962,129
17963,157
17964,122
17965,108
17966,153
17967,108
17968,155
17969,110
17970,115
17971,152
17972,116
17973,115
17974,117
17975,116
17976,116
17977,117
17978,116
17979,116
17980,115
17981,115
17982,155
17983,115
17984,115
17985,113
17986,112
17987,107
17988,149
17989,111
17990,109
17991,106
17992,108
17993,158
17994,158
17995,165
17996,167
17997,165
17998,163
17999,164
18000,166
18001,185
18002,186
18003,187
18004,188
18005,187
18006,191
18007,145
18008,180
18009,145
18010,204
18011,209
18012,209
18013,174
18014,174
18015,169
18016,137
18017,137
18018,136
18019,131
18020,129
18021,127
18022,122
18023,120
18024,123
18025,94
18026,94
18027,90
18028,89
18029,94
18030,84
18031,75
18032,74
18033,70
18034,68
18035,68
18036,68
18037,64
18038,64
18039,64
18040,64
18041,64
18042,64
18043,56
18044,56
18045,56
18046,56
18047,56
18048,56
18049,56
18050,56
18051,56
18052,56
18053,56
18054,56
18055,56
18056,56
18057,56
18058,56
18059,56
18060,56
18061,57
18062,57
18063,57
18064,58
18065,58
18066,58
18067,59
18068,59
18069,59
18070,59
18071,59
18072,59
18073,65
18074,65
18075,65
18076,65
18077,66
18078,66
18079,80
18080,80
18081,80
18082,80
18083,79
18084,79
18085,89
18086,89
18087,89
18088,89
18089,90
18090,89
18091,95
18092,95
18093,97
18094,99
18095,99
18096,98
18097,96
18098,96
18099,95
18100,95
18101,117
18102,130
18103,135
18104,134
18105,133
18106,133
18107,131
18108,131
18109,135
18110,135
18111,82
18112,82
18113,82
18114,84
18115,84
18116,83
18117,83
18118,83
18119,83
18120,83
18121,129
18122,82
18123,83
18124,82
18125,81
18126,81
18127,83
18128,130
18129,82
18130,82
18131,82
18132,83
18133,89
18134,89
18135,90
18136,135
18137,91
18138,90
18139,103
18140,102
18141,101
18142,101
18143,100
18144,99
18145,121
18146,119
18147,121
18148,121
18149,122
18150,126
18151,133
18152,134
18153,135
18154,136
18155,137
18156,136
18157,131
18158,128
18159,125
18160,125
18161,124
18162,162
18163,135
18164,140
18165,118
18166,118
18167,119
18168,120
18169,97
18170,97
18171,112
18172,95
18173,95
18174,112
18175,87
18176,86
18177,80
18178,79
18179,77
18180,85
18181,73
18182,83
18183,72
18184,83
18185,72
18186,71
18187,59
18188,59
18189,59
18190,59
18191,60
18192,59
18193,59
18194,59
18195,59
18196,58
18197,57
18198,57
18199,57
18200,57
18201,56
18202,56
18203,56
18204,56
18205,59
18206,58
18207,58
18208,58
18209,57
18210,58
18211,59
18212,60
18213,60
18214,60
18215,60
18216,60
18217,66
18218,66
18219,66
18220,66
18221,66
18222,66
18223,79
18224,79
18225,78
18226,79
18227,79
18228,80
18229,96
18230,96
18231,98
18232,97
18233,97
18234,98
18235,106
18236,107
18237,107
18238,109
18239,111
18240,110
18241,120
18242,119
18243,122
18244,120
18245,120
18246,120
18247,122
18248,123
18249,124
18250,122
18251,122
18252,118
18253,115
18254,119
18255,120
18256,126
18257,132
18258,137
18259,138
18260,139
18261,136
18262,135
18263,135
18264,134
18265,127
18266,130
18267,133
18268,134
18269,134
18270,135
18271,131
18272,132
18273,132
18274,135
18275,136
18276,136
18277,138
18278,137
18279,136
18280,137
18281,134
18282,135
18283,139
18284,139
18285,137
18286,132
18287,132
18288,132
18289,150
18290,149
18291,150
18292,152
18293,152
18294,152
18295,151
18296,151
18297,152
18298,152
18299,153
18300,151
18301,141
18302,138
18303,134
18304,159
18305,137
18306,137
18307,129
18308,129
18309,139
18310,126
18311,122
18312,123
18313,96
18314,110
18315,98
18316,97
18317,97
18318,98
18319,91
18320,83
18321,76
18322,73
18323,73
18324,79
18325,70
18326,69
18327,69
18328,70
18329,70
18330,70
18331,59
18332,59
18333,68
18334,59
18335,59
18336,60
18337,59
18338,59
18339,59
18340,59
18341,59
18342,66
18343,57
18344,57
18345,57
18346,57
18347,56
18348,56
18349,58
18350,58
18351,66
18352,58
18353,58
18354,58
18355,60
18356,60
18357,61
18358,61
18359,61
18360,61
18361,68
18362,68
18363,69
18364,69
18365,80
18366,69
18367,82
18368,82
18369,82
18370,82
18371,82
18372,83
18373,95
18374,95
18375,95
18376,96
18377,95
18378,114
18379,98
18380,98
18381,101
18382,105
18383,107
18384,107
18385,117
18386,116
18387,117
18388,115
18389,114
18390,112
18391,115
18392,121
18393,125
18394,129
18395,131
18396,142
18397,135
18398,137
18399,143
18400,144
18401,143
18402,145
18403,143
18404,146
18405,146
18406,148
18407,142
18408,137
18409,135
18410,137
18411,135
18412,135
18413,132
18414,131
18415,133
18416,133
18417,131
18418,130
18419,130
18420,129
18421,128
18422,128
18423,127
18424,128
18425,126
18426,126
18427,131
18428,133
18429,135
18430,137
18431,139
18432,142
18433,149
18434,150
18435,158
18436,165
18437,172
18438,177
18439,172
18440,184
18441,185
18442,185
18443,189
18444,185
18445,151
18446,154
18447,154
18448,153
18449,154
18450,156
18451,135
18452,136
18453,139
18454,140
18455,140
18456,141
18457,112
18458,110
18459,109
18460,107
18461,105
18462,104
18463,92
18464,91
18465,86
18466,85
18467,84
18468,80
18469,73
18470,73
18471,72
18472,71
18473,72
18474,71
18475,59
18476,59
18477,59
18478,59
18479,58
18480,58
18481,58
18482,58
18483,58
18484,57
18485,57
18486,57
18487,57
18488,57
18489,58
18490,58
18491,58
18492,58
18493,60
18494,60
18495,60
18496,60
18497,60
18498,60
18499,62
18500,62
18501,61
18502,61
18503,60
18504,60
18505,68
18506,68
18507,67
18508,67
18509,67
18510,67
18511,83
18512,83
18513,83
18514,83
18515,84
18516,84
18517,96
18518,96
18519,96
18520,96
18521,96
18522,96
18523,108
18524,108
18525,110
18526,110
18527,110
18528,110
18529,115
18530,113
18531,110
18532,109
18533,107
18534,105
18535,104
18536,101
18537,97
18538,96
18539,94
18540,94
18541,93
18542,91
18543,92
18544,91
18545,94
18546,94
18547,95
18548,95
18549,95
18550,93
18551,93
18552,92
18553,91
18554,91
18555,90
18556,91
18557,89
18558,90
18559,91
18560,91
18561,91
18562,91
18563,90
18564,90
18565,97
18566,94
18567,93
18568,94
18569,93
18570,93
18571,102
18572,104
18573,105
18574,106
18575,107
18576,161
18577,135
18578,135
18579,137
18580,140
18581,140
18582,139
18583,141
18584,141
18585,140
18586,140
18587,142
18588,142
18589,136
18590,134
18591,132
18592,132
18593,126
18594,133
18595,126
18596,139
18597,125
18598,122
18599,122
18600,121
18601,98
18602,97
18603,110
18604,96
18605,97
18606,97
18607,85
18608,84
18609,80
18610,78
18611,76
18612,76
18613,73
18614,73
18615,73
18616,73
18617,71
18618,71
18619,57
18620,57
18621,57
18622,57
18623,57
18624,57
18625,57
18626,56
18627,56
18628,56
18629,56
18630,56
18631,56
18632,56
18633,56
18634,56
18635,56
18636,56
18637,58
18638,59
18639,60
18640,60
18641,61
18642,61
18643,63
18644,63
18645,63
18646,63
18647,65
18648,65
18649,75
18650,87
18651,74
18652,74
18653,89
18654,73
18655,87
18656,86
18657,86
18658,101
18659,104
18660,103
18661,121
18662,121
18663,120
18664,121
18665,105
18666,107
18667,123
18668,137
18669,138
18670,138
18671,138
18672,139
18673,146
18674,148
18675,146
18676,147
18677,147
18678,146
18679,156
18680,155
18681,155
18682,156
18683,154
18684,155
18685,151
18686,151
18687,149
18688,146
18689,146
18690,144
18691,142
18692,143
18693,143
18694,144
18695,143
18696,144
18697,144
18698,145
18699,143
18700,140
18701,136
18702,134
18703,120
18704,124
18705,125
18706,127
18707,130
18708,140
18709,138
18710,138
18711,136
18712,132
18713,133
18714,130
18715,128
18716,131
18717,132
18718,132
18719,137
18720,142
18721,155
18722,156
18723,161
18724,164
18725,163
18726,161
18727,176
18728,157
18729,160
18730,160
18731,161
18732,160
18733,151
18734,150
18735,149
18736,148
18737,146
18738,145
18739,132
18740,130
18741,129
18742,128
18743,126
18744,124
18745,99
18746,98
18747,112
18748,97
18749,95
18750,97
18751,82
18752,81
18753,76
18754,75
18755,74
18756,74
18757,71
18758,71
18759,70
18760,70
18761,70
18762,69
18763,58
18764,58
18765,58
18766,58
18767,59
18768,59
18769,59
18770,59
18771,59
18772,59
18773,59
18774,61
18775,61
18776,61
18777,61
18778,61
18779,61
18780,61
18781,63
18782,63
18783,63
18784,62
18785,64
18786,64
18787,67
18788,67
18789,67
18790,66
18791,67
18792,66
18793,74
18794,74
18795,74
18796,74
18797,74
18798,74
18799,90
18800,90
18801,90
18802,89
18803,89
18804,89
18805,105
18806,105
18807,103
18808,103
18809,103
18810,103
18811,113
18812,142
18813,113
18814,114
18815,113
18816,113
18817,127
18818,128
18819,130
18820,131
18821,134
18822,134
18823,145
18824,146
18825,147
18826,147
18827,150
18828,150
18829,152
18830,153
18831,154
18832,154
18833,155
18834,155
18835,152
18836,152
18837,152
18838,151
18839,148
18840,148
18841,145
18842,180
18843,142
18844,141
18845,141
18846,140
18847,139
18848,182
18849,140
18850,140
18851,140
18852,140
18853,137
18854,137
18855,138
18856,180
18857,136
18858,136
18859,141
18860,142
18861,181
18862,143
18863,144
18864,144
18865,153
18866,153
18867,156
18868,157
18869,184
18870,159
18871,158
18872,158
18873,183
18874,159
18875,159
18876,187
18877,172
18878,170
18879,167
18880,167
18881,166
18882,164
18883,147
18884,136
18885,144
18886,134
18887,141
18888,138
18889,113
18890,111
18891,97
18892,97
18893,97
18894,97
18895,85
18896,84
18897,81
18898,80
18899,78
18900,77
18901,74
18902,74
18903,73
18904,73
18905,73
18906,74
18907,60
18908,60
18909,60
18910,60
18911,59
18912,58
18913,59
18914,59
18915,60
18916,59
18917,59
18918,59
18919,60
18920,60
18921,61
18922,61
18923,61
18924,61
18925,63
18926,63
18927,62
18928,62
18929,62
18930,62
18931,63
18932,63
18933,63
18934,62
18935,63
18936,64
18937,72
18938,72
18939,72
18940,72
18941,72
18942,72
18943,88
18944,88
18945,88
18946,88
18947,88
18948,88
18949,101
18950,102
18951,102
18952,103
18953,104
18954,104
18955,139
18956,119
18957,119
18958,120
18959,120
18960,120
18961,140
18962,137
18963,138
18964,138
18965,139
18966,140
18967,153
18968,151
18969,151
18970,149
18971,146
18972,144
18973,145
18974,144
18975,146
18976,146
18977,144
18978,146
18979,147
18980,146
18981,144
18982,145
18983,146
18984,147
18985,140
18986,142
18987,142
18988,142
18989,143
18990,143
18991,138
18992,138
18993,138
18994,137
18995,139
18996,138
18997,134
18998,134
18999,135
19000,134
19001,135
19002,135
19003,140
19004,138
19005,138
19006,136
19007,135
19008,135
19009,142
19010,142
19011,144
19012,144
19013,144
19014,144
19015,146
19016,146
19017,147
19018,147
19019,147
19020,178
19021,141
19022,140
19023,139
19024,139
19025,139
19026,140
19027,123
19028,123
19029,123
19030,123
19031,142
19032,136
19033,110
19034,115
19035,113
19036,114
19037,114
19038,116
19039,104
19040,104
19041,101
19042,98
19043,96
19044,96
19045,86
19046,86
19047,83
19048,82
19049,82
19050,83
19051,63
19052,63
19053,62
19054,62
19055,62
19056,62
19057,62
19058,62
19059,62
19060,62
19061,62
19062,62
19063,62
19064,62
19065,62
19066,62
19067,62
19068,62
19069,64
19070,64
19071,64
19072,64
19073,64
19074,64
19075,66
19076,66
19077,66
19078,66
19079,66
19080,66
19081,73
19082,73
19083,73
19084,89
19085,73
19086,73
19087,88
19088,87
19089,101
19090,86
19091,86
19092,87
19093,99
19094,99
19095,99
19096,99
19097,99
19098,117
19099,107
19100,107
19101,107
19102,109
19103,110
19104,110
19105,123
19106,122
19107,122
19108,121
19109,121
19110,121
19111,122
19112,121
19113,120
19114,121
19115,123
19116,124
19117,152
19118,129
19119,131
19120,133
19121,137
19122,145
19123,146
19124,146
19125,148
19126,177
19127,151
19128,154
19129,151
19130,150
19131,151
19132,153
19133,153
19134,154
19135,153
19136,154
19137,159
19138,160
19139,163
19140,165
19141,165
19142,166
19143,167
19144,168
19145,168
19146,169
19147,172
19148,172
19149,174
19150,174
19151,173
19152,173
19153,180
19154,176
19155,178
19156,179
19157,178
19158,178
19159,173
19160,172
19161,176
19162,174
19163,174
19164,175
19165,170
19166,171
19167,171
19168,170
19169,171
19170,171
19171,157
19172,155
19173,155
19174,154
19175,153
19176,138
19177,117
19178,115
19179,113
19180,113
19181,111
19182,110
19183,93
19184,91
19185,90
19186,91
19187,83
19188,83
19189,78
19190,78
19191,76
19192,76
19193,76
19194,77
19195,58
19196,58
19197,59
19198,59
19199,59
19200,59
19201,59
19202,59
19203,59
19204,59
19205,59
19206,60
19207,60
19208,61
19209,61
19210,61
19211,60
19212,60
19213,61
19214,61
19215,61
19216,61
19217,61
19218,61
19219,64
19220,64
19221,64
19222,64
19223,64
19224,64
19225,71
19226,71
19227,71
19228,71
19229,71
19230,71
19231,85
19232,85
19233,85
19234,85
19235,85
19236,84
19237,99
19238,127
19239,127
19240,128
19241,97
19242,99
19243,103
19244,104
19245,105
19246,107
19247,106
19248,106
19249,122
19250,122
19251,122
19252,122
19253,123
19254,123
19255,123
19256,123
19257,123
19258,123
19259,126
19260,126
19261,127
19262,122
19263,123
19264,122
19265,119
19266,116
19267,113
19268,113
19269,115
19270,115
19271,115
19272,115
19273,117
19274,122
19275,125
19276,130
19277,135
19278,139
19279,140
19280,148
19281,148
19282,149
19283,147
19284,150
19285,150
19286,150
19287,168
19288,171
19289,168
19290,170
19291,173
19292,173
19293,173
19294,174
19295,172
19296,172
19297,184
19298,185
19299,181
19300,186
19301,189
19302,189
19303,181
19304,173
19305,178
19306,182
19307,183
19308,184
19309,172
19310,175
19311,176
19312,176
19313,179
19314,176
19315,163
19316,163
19317,161
19318,159
19319,160
19320,160
19321,119
19322,124
19323,123
19324,117
19325,112
19326,112
19327,100
19328,93
19329,88
19330,86
19331,85
19332,85
19333,88
19334,84
19335,81
19336,78
19337,74
19338,74
19339,58
19340,58
19341,58
19342,58
19343,58
19344,58
19345,58
19346,57
19347,57
19348,57
19349,57
19350,57
19351,57
19352,57
19353,57
19354,58
19355,58
19356,57
19357,59
19358,59
19359,59
19360,59
19361,59
19362,59
19363,60
19364,59
19365,59
19366,59
19367,59
19368,59
19369,66
19370,66
19371,76
19372,66
19373,66
19374,66
19375,79
