ID,Count
18288,534
18289,534
18290,534
18291,534
18292,534
18293,534
18294,534
18295,535
18296,535
18297,535
18298,535
18299,535
18300,535
18301,535
18302,535
18303,535
18304,535
18305,535
18306,535
18307,535
18308,535
18309,535
18310,535
18311,536
18312,536
18313,536
18314,536
18315,536
18316,536
18317,536
18318,536
18319,536
18320,536
18321,536
18322,536
18323,536
18324,536
18325,536
18326,536
18327,537
18328,537
18329,537
18330,537
18331,537
18332,537
18333,537
18334,537
18335,537
18336,537
18337,537
18338,537
18339,537
18340,537
18341,537
18342,537
18343,538
18344,538
18345,538
18346,538
18347,538
18348,538
18349,538
18350,538
18351,538
18352,538
18353,538
18354,538
18355,538
18356,538
18357,538
18358,538
18359,539
18360,539
18361,539
18362,539
18363,539
18364,539
18365,539
18366,539
18367,539
18368,539
18369,539
18370,539
18371,539
18372,539
18373,539
18374,539
18375,540
18376,540
18377,540
18378,540
18379,540
18380,540
18381,540
18382,540
18383,540
18384,540
18385,540
18386,540
18387,540
18388,540
18389,540
18390,540
18391,541
18392,541
18393,541
18394,541
18395,541
18396,541
18397,541
18398,541
18399,541
18400,541
18401,541
18402,541
18403,541
18404,541
18405,541
18406,541
18407,542
18408,542
18409,542
18410,542
18411,542
18412,542
18413,542
18414,542
18415,542
18416,542
18417,542
18418,542
18419,542
18420,542
18421,542
18422,543
18423,543
18424,543
18425,543
18426,543
18427,543
18428,543
18429,543
18430,543
18431,543
18432,543
18433,543
18434,543
18435,543
18436,543
18437,543
18438,544
18439,544
18440,544
18441,544
18442,544
18443,544
18444,544
18445,544
18446,544
18447,544
18448,544
18449,544
18450,544
18451,544
18452,544
18453,544
18454,545
18455,545
18456,545
18457,545
18458,545
18459,545
18460,545
18461,545
18462,545
18463,545
18464,545
18465,545
18466,545
18467,545
18468,545
18469,545
18470,546
18471,546
18472,546
18473,546
18474,546
18475,546
18476,546
18477,546
18478,546
18479,546
18480,546
18481,546
18482,546
18483,546
18484,546
18485,546
18486,547
18487,547
18488,547
18489,547
18490,547
18491,547
18492,547
18493,547
18494,547
18495,547
18496,547
18497,547
18498,547
18499,547
18500,547
18501,548
18502,548
18503,548
18504,548
18505,548
18506,548
18507,548
18508,548
18509,548
18510,548
18511,548
18512,548
18513,548
18514,548
18515,548
18516,548
18517,549
18518,549
18519,549
18520,549
18521,549
18522,549
18523,549
18524,549
18525,549
18526,549
18527,549
18528,549
18529,549
18530,549
18531,549
18532,549
18533,550
18534,550
18535,550
18536,550
18537,550
18538,550
18539,550
18540,550
18541,550
18542,550
18543,550
18544,550
18545,550
18546,550
18547,550
18548,551
18549,551
18550,551
18551,551
18552,551
18553,551
18554,551
18555,551
18556,551
18557,551
18558,551
18559,551
18560,551
18561,551
18562,551
18563,551
18564,552
18565,552
18566,552
18567,552
18568,552
18569,552
18570,552
18571,552
18572,552
18573,552
18574,552
18575,552
18576,552
18577,552
18578,552
18579,552
18580,553
18581,553
18582,553
18583,553
18584,553
18585,553
18586,553
18587,553
18588,553
18589,553
18590,553
18591,553
18592,553
18593,553
18594,553
18595,554
18596,554
18597,554
18598,554
18599,554
18600,554
18601,554
18602,554
18603,554
18604,554
18605,554
18606,554
18607,554
18608,554
18609,554
18610,554
18611,555
18612,555
18613,555
18614,555
18615,555
18616,555
18617,555
18618,555
18619,555
18620,555
18621,555
18622,555
18623,555
18624,555
18625,555
18626,556
18627,556
18628,556
18629,556
18630,556
18631,556
18632,556
18633,556
18634,556
18635,556
18636,556
18637,556
18638,556
18639,556
18640,556
18641,556
18642,557
18643,557
18644,557
18645,557
18646,557
18647,557
18648,557
18649,557
18650,557
18651,557
18652,557
18653,557
18654,557
18655,557
18656,557
18657,557
18658,558
18659,558
18660,558
18661,558
18662,558
18663,558
18664,558
18665,558
18666,558
18667,558
18668,558
18669,558
18670,558
18671,558
18672,558
18673,559
18674,559
18675,559
18676,559
18677,559
18678,559
18679,559
18680,559
18681,559
18682,559
18683,559
18684,559
18685,559
18686,559
18687,559
18688,559
18689,560
18690,560
18691,560
18692,560
18693,560
18694,560
18695,560
18696,560
18697,560
18698,560
18699,560
18700,560
18701,560
18702,560
18703,560
18704,561
18705,561
18706,561
18707,561
18708,561
18709,561
18710,561
18711,561
18712,561
18713,561
18714,561
18715,561
18716,561
18717,561
18718,561
18719,561
18720,562
18721,562
18722,562
18723,562
18724,562
18725,562
18726,562
18727,562
18728,562
18729,562
18730,562
18731,562
18732,562
18733,562
18734,562
18735,563
18736,563
18737,563
18738,563
18739,563
18740,563
18741,563
18742,563
18743,563
18744,563
18745,563
18746,563
18747,563
18748,563
18749,563
18750,563
18751,564
18752,564
18753,564
18754,564
18755,564
18756,564
18757,564
18758,564
18759,564
18760,564
18761,564
18762,564
18763,564
18764,564
18765,564
18766,565
18767,565
18768,565
18769,565
18770,565
18771,565
18772,565
18773,565
18774,565
18775,565
18776,565
18777,565
18778,565
18779,565
18780,565
18781,565
18782,566
18783,566
18784,566
18785,566
18786,566
18787,566
18788,566
18789,566
18790,566
18791,566
18792,566
18793,566
18794,566
18795,566
18796,566
18797,567
18798,567
18799,567
18800,567
18801,567
18802,567
18803,567
18804,567
18805,567
18806,567
18807,567
18808,567
18809,567
18810,567
18811,567
18812,568
18813,568
18814,568
18815,568
18816,568
18817,568
18818,568
18819,568
18820,568
18821,568
18822,568
18823,568
18824,568
18825,568
18826,568
18827,568
18828,569
18829,569
18830,569
18831,569
18832,569
18833,569
18834,569
18835,569
18836,569
18837,569
18838,569
18839,569
18840,569
18841,569
18842,569
18843,570
18844,570
18845,570
18846,570
18847,570
18848,570
18849,570
18850,570
18851,570
18852,570
18853,570
18854,570
18855,570
18856,570
18857,570
18858,571
18859,571
18860,571
18861,571
18862,571
18863,571
18864,571
18865,571
18866,571
18867,571
18868,571
18869,571
18870,571
18871,571
18872,571
18873,571
18874,572
18875,572
18876,572
18877,572
18878,572
18879,572
18880,572
18881,572
18882,572
18883,572
18884,572
18885,572
18886,572
18887,572
18888,572
18889,573
18890,573
18891,573
18892,573
18893,573
18894,573
18895,573
18896,573
18897,573
18898,573
18899,573
18900,573
18901,573
18902,573
18903,573
18904,574
18905,574
18906,574
18907,574
18908,574
18909,574
18910,574
18911,574
18912,574
18913,574
18914,574
18915,574
18916,574
18917,574
18918,574
18919,574
18920,575
18921,575
18922,575
18923,575
18924,575
18925,575
18926,575
18927,575
18928,575
18929,575
18930,575
18931,575
18932,575
18933,575
18934,575
18935,576
18936,576
18937,576
18938,576
18939,576
18940,576
18941,576
18942,576
18943,576
18944,576
18945,576
18946,576
18947,576
18948,576
18949,576
18950,577
18951,577
18952,577
18953,577
18954,577
18955,577
18956,577
18957,577
18958,577
18959,577
18960,577
18961,577
18962,577
18963,577
18964,577
18965,577
18966,578
18967,578
18968,578
18969,578
18970,578
18971,578
18972,578
18973,578
18974,578
18975,578
18976,578
18977,578
18978,578
18979,578
18980,578
18981,579
18982,579
18983,579
18984,579
18985,579
18986,579
18987,579
18988,579
18989,579
18990,579
18991,579
18992,579
18993,579
18994,579
18995,579
18996,580
18997,580
18998,580
18999,580
19000,580
19001,580
19002,580
19003,580
19004,580
19005,580
19006,580
19007,580
19008,580
19009,580
19010,580
19011,581
19012,581
19013,581
19014,581
19015,581
19016,581
19017,581
19018,581
19019,581
19020,581
19021,581
19022,581
19023,581
19024,581
19025,581
19026,582
19027,582
19028,582
19029,582
19030,582
19031,582
19032,582
19033,582
19034,582
19035,582
19036,582
19037,582
19038,582
19039,582
19040,582
19041,582
19042,583
19043,583
19044,583
19045,583
19046,583
19047,583
19048,583
19049,583
19050,583
19051,583
19052,583
19053,583
19054,583
19055,583
19056,583
19057,584
19058,584
19059,584
19060,584
19061,584
19062,584
19063,584
19064,584
19065,584
19066,584
19067,584
19068,584
19069,584
19070,584
19071,584
19072,585
19073,585
19074,585
19075,585
19076,585
19077,585
19078,585
19079,585
19080,585
19081,585
19082,585
19083,585
19084,585
19085,585
19086,585
19087,586
19088,586
19089,586
19090,586
19091,586
19092,586
19093,586
19094,586
19095,586
19096,586
19097,586
19098,586
19099,586
19100,586
19101,586
19102,587
19103,587
19104,587
19105,587
19106,587
19107,587
19108,587
19109,587
19110,587
19111,587
19112,587
19113,587
19114,587
19115,587
19116,587
19117,588
19118,588
19119,588
19120,588
19121,588
19122,588
19123,588
19124,588
19125,588
19126,588
19127,588
19128,588
19129,588
19130,588
19131,588
19132,589
19133,589
19134,589
19135,589
19136,589
19137,589
19138,589
19139,589
19140,589
19141,589
19142,589
19143,589
19144,589
19145,589
19146,589
19147,590
19148,590
19149,590
19150,590
19151,590
19152,590
19153,590
19154,590
19155,590
19156,590
19157,590
19158,590
19159,590
19160,590
19161,590
19162,591
19163,591
19164,591
19165,591
19166,591
19167,591
19168,591
19169,591
19170,591
19171,591
19172,591
19173,591
19174,591
19175,591
19176,591
19177,592
19178,592
19179,592
19180,592
19181,592
19182,592
19183,592
19184,592
19185,592
19186,592
19187,592
19188,592
19189,592
19190,592
19191,592
19192,593
19193,593
19194,593
19195,593
19196,593
19197,593
19198,593
19199,593
19200,593
19201,593
19202,593
19203,593
19204,593
19205,593
19206,593
19207,594
19208,594
19209,594
19210,594
19211,594
19212,594
19213,594
19214,594
19215,594
19216,594
19217,594
19218,594
19219,594
19220,594
19221,594
19222,595
19223,595
19224,595
19225,595
19226,595
19227,595
19228,595
19229,595
19230,595
19231,595
19232,595
19233,595
19234,595
19235,595
19236,595
19237,596
19238,596
19239,596
19240,596
19241,596
19242,596
19243,596
19244,596
19245,596
19246,596
19247,596
19248,596
19249,596
19250,596
19251,596
19252,597
19253,597
19254,597
19255,597
19256,597
19257,597
19258,597
19259,597
19260,597
19261,597
19262,597
19263,597
19264,597
19265,597
19266,597
19267,598
19268,598
19269,598
19270,598
19271,598
19272,598
19273,598
19274,598
19275,598
19276,598
19277,598
19278,598
19279,598
19280,598
19281,598
19282,599
19283,599
19284,599
19285,599
19286,599
19287,599
19288,599
19289,599
19290,599
19291,599
19292,599
19293,599
19294,599
19295,599
19296,599
19297,600
19298,600
19299,600
19300,600
19301,600
19302,600
19303,600
19304,600
19305,600
19306,600
19307,600
19308,600
19309,600
19310,600
19311,600
19312,601
19313,601
19314,601
19315,601
19316,601
19317,601
19318,601
19319,601
19320,601
19321,601
19322,601
19323,601
19324,601
19325,601
19326,601
19327,602
19328,602
19329,602
19330,602
19331,602
19332,602
19333,602
19334,602
19335,602
19336,602
19337,602
19338,602
19339,602
19340,602
19341,602
19342,603
19343,603
19344,603
19345,603
19346,603
19347,603
19348,603
19349,603
19350,603
19351,603
19352,603
19353,603
19354,603
19355,603
19356,603
19357,604
19358,604
19359,604
19360,604
19361,604
19362,604
19363,604
19364,604
19365,604
19366,604
19367,604
19368,604
19369,604
19370,604
19371,604
19372,605
19373,605
19374,605
19375,605
19376,605
19377,605
19378,605
19379,605
19380,605
19381,605
19382,605
19383,605
19384,605
19385,605
19386,606
19387,606
19388,606
19389,606
19390,606
19391,606
19392,606
19393,606
19394,606
19395,606
19396,606
19397,606
19398,606
19399,606
19400,606
19401,607
19402,607
19403,607
19404,607
19405,607
19406,607
19407,607
19408,607
19409,607
19410,607
19411,607
19412,607
19413,607
19414,607
19415,607
19416,608
19417,608
19418,608
19419,608
19420,608
19421,608
19422,608
19423,608
19424,608
19425,608
19426,608
19427,608
19428,608
19429,608
19430,608
19431,609
19432,609
19433,609
19434,609
19435,609
19436,609
19437,609
19438,609
19439,609
19440,609
19441,609
19442,609
19443,609
19444,609
19445,609
19446,610
19447,610
19448,610
19449,610
19450,610
19451,610
19452,610
19453,610
19454,610
19455,610
19456,610
19457,610
19458,610
19459,610
19460,611
19461,611
19462,611
19463,611
19464,611
19465,611
19466,611
19467,611
19468,611
19469,611
19470,611
19471,611
19472,611
19473,611
19474,611
19475,612
19476,612
19477,612
19478,612
19479,612
19480,612
19481,612
19482,612
19483,612
19484,612
19485,612
19486,612
19487,612
19488,612
19489,612
19490,613
19491,613
19492,613
19493,613
19494,613
19495,613
19496,613
19497,613
19498,613
19499,613
19500,613
19501,613
19502,613
19503,613
19504,613
19505,614
19506,614
19507,614
19508,614
19509,614
19510,614
19511,614
19512,614
19513,614
19514,614
19515,614
19516,614
19517,614
19518,614
19519,615
19520,615
19521,615
19522,615
19523,615
19524,615
19525,615
19526,615
19527,615
19528,615
19529,615
19530,615
19531,615
19532,615
19533,615
19534,616
19535,616
19536,616
19537,616
19538,616
19539,616
19540,616
19541,616
19542,616
19543,616
19544,616
19545,616
19546,616
19547,616
19548,616
19549,617
19550,617
19551,617
19552,617
19553,617
19554,617
19555,617
19556,617
19557,617
19558,617
19559,617
19560,617
19561,617
19562,617
19563,618
19564,618
19565,618
19566,618
19567,618
19568,618
19569,618
19570,618
19571,618
19572,618
19573,618
19574,618
19575,618
19576,618
19577,618
19578,619
19579,619
19580,619
19581,619
19582,619
19583,619
19584,619
19585,619
19586,619
19587,619
19588,619
19589,619
19590,619
19591,619
19592,619
19593,620
19594,620
19595,620
19596,620
19597,620
19598,620
19599,620
19600,620
19601,620
19602,620
19603,620
19604,620
19605,620
19606,620
19607,621
19608,621
19609,621
19610,621
19611,621
19612,621
19613,621
19614,621
19615,621
19616,621
19617,621
19618,621
19619,621
19620,621
19621,621
19622,622
19623,622
19624,622
19625,622
19626,622
19627,622
19628,622
19629,622
19630,622
19631,622
19632,622
19633,622
19634,622
19635,622
19636,623
19637,623
19638,623
19639,623
19640,623
19641,623
19642,623
19643,623
19644,623
19645,623
19646,623
19647,623
19648,623
19649,623
19650,623
19651,624
19652,624
19653,624
19654,624
19655,624
19656,624
19657,624
19658,624
19659,624
19660,624
19661,624
19662,624
19663,624
19664,624
19665,624
19666,625
19667,625
19668,625
19669,625
19670,625
19671,625
19672,625
19673,625
19674,625
19675,625
19676,625
19677,625
19678,625
19679,625
19680,626
19681,626
19682,626
19683,626
19684,626
19685,626
19686,626
19687,626
19688,626
19689,626
19690,626
19691,626
19692,626
19693,626
19694,626
19695,627
19696,627
19697,627
19698,627
19699,627
19700,627
19701,627
19702,627
19703,627
19704,627
19705,627
19706,627
19707,627
19708,627
19709,628
19710,628
19711,628
19712,628
19713,628
19714,628
19715,628
19716,628
19717,628
19718,628
19719,628
19720,628
19721,628
19722,628
19723,628
19724,629
19725,629
19726,629
19727,629
19728,629
19729,629
19730,629
19731,629
19732,629
19733,629
19734,629
19735,629
19736,629
19737,629
19738,630
19739,630
19740,630
19741,630
19742,630
19743,630
19744,630
19745,630
19746,630
19747,630
19748,630
19749,630
19750,630
19751,630
19752,630
19753,631
19754,631
19755,631
19756,631
19757,631
19758,631
19759,631
19760,631
19761,631
19762,631
19763,631
19764,631
19765,631
19766,631
19767,632
19768,632
19769,632
19770,632
19771,632
19772,632
19773,632
19774,632
19775,632
19776,632
19777,632
19778,632
19779,632
19780,632
19781,632
19782,633
19783,633
19784,633
19785,633
19786,633
19787,633
19788,633
19789,633
19790,633
19791,633
19792,633
19793,633
19794,633
19795,633
19796,634
19797,634
19798,634
19799,634
19800,634
19801,634
19802,634
19803,634
19804,634
19805,634
19806,634
19807,634
19808,634
19809,634
19810,634
19811,635
19812,635
19813,635
19814,635
19815,635
19816,635
19817,635
19818,635
19819,635
19820,635
19821,635
19822,635
19823,635
19824,635
19825,636
19826,636
19827,636
19828,636
19829,636
19830,636
19831,636
19832,636
19833,636
19834,636
19835,636
19836,636
19837,636
19838,636
19839,637
19840,637
19841,637
19842,637
19843,637
19844,637
19845,637
19846,637
19847,637
19848,637
19849,637
19850,637
19851,637
19852,637
19853,637
19854,638
19855,638
19856,638
19857,638
19858,638
19859,638
19860,638
19861,638
19862,638
19863,638
19864,638
19865,638
19866,638
19867,638
19868,639
19869,639
19870,639
19871,639
19872,639
19873,639
19874,639
19875,639
19876,639
19877,639
19878,639
19879,639
19880,639
19881,639
19882,639
19883,640
19884,640
19885,640
19886,640
19887,640
19888,640
19889,640
19890,640
19891,640
19892,640
19893,640
19894,640
19895,640
19896,640
19897,641
19898,641
19899,641
19900,641
19901,641
19902,641
19903,641
19904,641
19905,641
19906,641
19907,641
19908,641
19909,641
19910,641
19911,642
19912,642
19913,642
19914,642
19915,642
19916,642
19917,642
19918,642
19919,642
19920,642
19921,642
19922,642
19923,642
19924,642
19925,642
19926,643
19927,643
19928,643
19929,643
19930,643
19931,643
19932,643
19933,643
19934,643
19935,643
19936,643
19937,643
19938,643
19939,643
19940,644
19941,644
19942,644
19943,644
19944,644
19945,644
19946,644
19947,644
19948,644
19949,644
19950,644
19951,644
19952,644
19953,644
19954,645
19955,645
19956,645
19957,645
19958,645
19959,645
19960,645
19961,645
19962,645
19963,645
19964,645
19965,645
19966,645
19967,645
19968,645
19969,646
19970,646
19971,646
19972,646
19973,646
19974,646
19975,646
19976,646
19977,646
19978,646
19979,646
19980,646
19981,646
19982,646
19983,647
19984,647
19985,647
19986,647
19987,647
19988,647
19989,647
19990,647
19991,647
19992,647
19993,647
19994,647
19995,647
19996,647
19997,648
19998,648
19999,648
20000,648
20001,648
20002,648
20003,648
20004,648
20005,648
20006,648
20007,648
20008,648
20009,648
20010,648
20011,649
20012,649
20013,649
20014,649
20015,649
20016,649
20017,649
20018,649
20019,649
20020,649
20021,649
20022,649
20023,649
20024,649
20025,649
20026,650
20027,650
20028,650
20029,650
20030,650
20031,650
20032,650
20033,650
20034,650
20035,650
20036,650
20037,650
20038,650
20039,650
20040,651
20041,651
20042,651
20043,651
20044,651
20045,651
20046,651
20047,651
20048,651
20049,651
20050,651
20051,651
20052,651
20053,651
20054,652
20055,652
20056,652
20057,652
20058,652
20059,652
20060,652
20061,652
20062,652
20063,652
20064,652
20065,652
20066,652
20067,652
20068,653
20069,653
20070,653
20071,653
20072,653
20073,653
20074,653
20075,653
20076,653
20077,653
20078,653
20079,653
20080,653
20081,653
20082,653
20083,654
20084,654
20085,654
20086,654
20087,654
20088,654
20089,654
20090,654
20091,654
20092,654
20093,654
20094,654
20095,654
20096,654
20097,655
20098,655
20099,655
20100,655
20101,655
20102,655
20103,655
20104,655
20105,655
20106,655
20107,655
20108,655
20109,655
20110,655
20111,656
20112,656
20113,656
20114,656
20115,656
20116,656
20117,656
20118,656
20119,656
20120,656
20121,656
20122,656
20123,656
20124,656
20125,657
20126,657
20127,657
20128,657
20129,657
20130,657
20131,657
20132,657
20133,657
20134,657
20135,657
20136,657
20137,657
20138,657
20139,658
20140,658
20141,658
20142,658
20143,658
20144,658
20145,658
20146,658
20147,658
20148,658
20149,658
20150,658
20151,658
20152,658
20153,659
20154,659
20155,659
20156,659
20157,659
20158,659
20159,659
20160,659
20161,659
20162,659
20163,659
20164,659
20165,659
20166,659
20167,660
20168,660
20169,660
20170,660
20171,660
20172,660
20173,660
20174,660
20175,660
20176,660
20177,660
20178,660
20179,660
20180,660
20181,660
20182,661
20183,661
20184,661
20185,661
20186,661
20187,661
20188,661
20189,661
20190,661
20191,661
20192,661
20193,661
20194,661
20195,661
20196,662
20197,662
20198,662
20199,662
20200,662
20201,662
20202,662
20203,662
20204,662
20205,662
20206,662
20207,662
20208,662
20209,662
20210,663
20211,663
20212,663
20213,663
20214,663
20215,663
20216,663
20217,663
20218,663
20219,663
20220,663
20221,663
20222,663
20223,663
20224,664
20225,664
20226,664
20227,664
20228,664
20229,664
20230,664
20231,664
20232,664
20233,664
20234,664
20235,664
20236,664
20237,664
20238,665
20239,665
20240,665
20241,665
20242,665
20243,665
20244,665
20245,665
20246,665
20247,665
20248,665
20249,665
20250,665
20251,665
20252,666
20253,666
20254,666
20255,666
20256,666
20257,666
20258,666
20259,666
20260,666
20261,666
20262,666
20263,666
20264,666
20265,666
20266,667
20267,667
20268,667
20269,667
20270,667
20271,667
20272,667
20273,667
20274,667
20275,667
20276,667
20277,667
20278,667
20279,667
20280,668
20281,668
20282,668
20283,668
20284,668
20285,668
20286,668
20287,668
20288,668
20289,668
20290,668
20291,668
20292,668
20293,668
20294,669
20295,669
20296,669
20297,669
20298,669
20299,669
20300,669
20301,669
20302,669
20303,669
20304,669
20305,669
20306,669
20307,669
20308,670
20309,670
20310,670
20311,670
20312,670
20313,670
20314,670
20315,670
20316,670
20317,670
20318,670
20319,670
20320,670
20321,670
20322,671
20323,671
20324,671
20325,671
20326,671
20327,671
20328,671
20329,671
20330,671
20331,671
20332,671
20333,671
20334,671
20335,671
20336,672
20337,672
20338,672
20339,672
20340,672
20341,672
20342,672
20343,672
20344,672
20345,672
20346,672
20347,672
20348,672
20349,672
20350,673
20351,673
20352,673
20353,673
20354,673
20355,673
20356,673
20357,673
20358,673
20359,673
20360,673
20361,673
20362,673
20363,673
20364,674
20365,674
20366,674
20367,674
20368,674
20369,674
20370,674
20371,674
20372,674
20373,674
20374,674
20375,674
20376,674
20377,674
20378,675
20379,675
20380,675
20381,675
20382,675
20383,675
20384,675
20385,675
20386,675
20387,675
20388,675
20389,675
20390,675
20391,675
20392,676
20393,676
20394,676
20395,676
20396,676
20397,676
20398,676
20399,676
20400,676
20401,676
20402,676
20403,676
20404,676
20405,676
20406,677
20407,677
20408,677
20409,677
20410,677
20411,677
20412,677
20413,677
20414,677
20415,677
20416,677
20417,677
20418,677
20419,677
20420,678
20421,678
20422,678
20423,678
20424,678
20425,678
20426,678
20427,678
20428,678
20429,678
20430,678
20431,678
20432,678
20433,678
20434,679
20435,679
20436,679
20437,679
20438,679
20439,679
20440,679
20441,679
20442,679
20443,679
20444,679
20445,679
20446,679
20447,680
20448,680
20449,680
20450,680
20451,680
20452,680
20453,680
20454,680
20455,680
20456,680
20457,680
20458,680
20459,680
20460,680
20461,681
20462,681
20463,681
20464,681
20465,681
20466,681
20467,681
20468,681
20469,681
20470,681
20471,681
20472,681
20473,681
20474,681
20475,682
20476,682
20477,682
20478,682
20479,682
20480,682
20481,682
20482,682
20483,682
20484,682
20485,682
20486,682
20487,682
20488,682
20489,683
20490,683
20491,683
20492,683
20493,683
20494,683
20495,683
20496,683
20497,683
20498,683
20499,683
20500,683
20501,683
20502,683
20503,684
20504,684
20505,684
20506,684
20507,684
20508,684
20509,684
20510,684
20511,684
20512,684
20513,684
20514,684
20515,684
20516,684
20517,685
20518,685
20519,685
20520,685
20521,685
20522,685
20523,685
20524,685
20525,685
20526,685
20527,685
20528,685
20529,685
20530,685
20531,686
20532,686
20533,686
20534,686
20535,686
20536,686
20537,686
20538,686
20539,686
20540,686
20541,686
20542,686
20543,686
20544,687
20545,687
20546,687
20547,687
20548,687
20549,687
20550,687
20551,687
20552,687
20553,687
20554,687
20555,687
20556,687
20557,687
20558,688
20559,688
20560,688
20561,688
20562,688
20563,688
20564,688
20565,688
20566,688
20567,688
20568,688
20569,688
20570,688
20571,688
20572,689
20573,689
20574,689
20575,689
20576,689
20577,689
20578,689
20579,689
20580,689
20581,689
20582,689
20583,689
20584,689
20585,689
20586,690
20587,690
20588,690
20589,690
20590,690
20591,690
20592,690
20593,690
20594,690
20595,690
20596,690
20597,690
20598,690
20599,691
20600,691
20601,691
20602,691
20603,691
20604,691
20605,691
20606,691
20607,691
20608,691
20609,691
20610,691
20611,691
20612,691
20613,692
20614,692
20615,692
20616,692
20617,692
20618,692
20619,692
20620,692
20621,692
20622,692
20623,692
20624,692
20625,692
20626,692
20627,693
20628,693
20629,693
20630,693
20631,693
20632,693
20633,693
20634,693
20635,693
20636,693
20637,693
20638,693
20639,693
20640,693
20641,694
20642,694
20643,694
20644,694
20645,694
20646,694
20647,694
20648,694
20649,694
20650,694
20651,694
20652,694
20653,694
20654,695
20655,695
20656,695
20657,695
20658,695
20659,695
20660,695
20661,695
20662,695
20663,695
20664,695
20665,695
20666,695
20667,695
20668,696
20669,696
20670,696
20671,696
20672,696
20673,696
20674,696
20675,696
20676,696
20677,696
20678,696
20679,696
20680,696
20681,696
20682,697
20683,697
20684,697
20685,697
20686,697
20687,697
20688,697
20689,697
20690,697
20691,697
20692,697
20693,697
20694,697
20695,698
20696,698
20697,698
20698,698
20699,698
20700,698
20701,698
20702,698
20703,698
20704,698
20705,698
20706,698
20707,698
20708,698
20709,699
20710,699
20711,699
20712,699
20713,699
20714,699
20715,699
20716,699
20717,699
20718,699
20719,699
20720,699
20721,699
20722,699
20723,700
20724,700
20725,700
20726,700
20727,700
20728,700
20729,700
20730,700
20731,700
20732,700
20733,700
20734,700
20735,700
20736,701
20737,701
20738,701
20739,701
20740,701
20741,701
20742,701
20743,701
20744,701
20745,701
20746,701
20747,701
20748,701
20749,701
20750,702
20751,702
20752,702
20753,702
20754,702
20755,702
20756,702
20757,702
20758,702
20759,702
20760,702
20761,702
20762,702
20763,702
20764,703
20765,703
20766,703
20767,703
20768,703
20769,703
20770,703
20771,703
20772,703
20773,703
20774,703
20775,703
20776,703
20777,704
20778,704
20779,704
20780,704
20781,704
20782,704
20783,704
20784,704
20785,704
20786,704
20787,704
20788,704
20789,704
20790,704
20791,705
20792,705
20793,705
20794,705
20795,705
20796,705
20797,705
20798,705
20799,705
20800,705
20801,705
20802,705
20803,705
20804,705
20805,706
20806,706
20807,706
20808,706
20809,706
20810,706
20811,706
20812,706
20813,706
20814,706
20815,706
20816,706
20817,706
20818,707
20819,707
20820,707
20821,707
20822,707
20823,707
20824,707
20825,707
20826,707
20827,707
20828,707
20829,707
20830,707
20831,707
20832,708
20833,708
20834,708
20835,708
20836,708
20837,708
20838,708
20839,708
20840,708
20841,708
20842,708
20843,708
20844,708
20845,709
20846,709
20847,709
20848,709
20849,709
20850,709
20851,709
20852,709
20853,709
20854,709
20855,709
20856,709
20857,709
20858,709
20859,710
20860,710
20861,710
20862,710
20863,710
20864,710
20865,710
20866,710
20867,710
20868,710
20869,710
20870,710
20871,710
20872,711
20873,711
20874,711
20875,711
20876,711
20877,711
20878,711
20879,711
20880,711
20881,711
20882,711
20883,711
20884,711
20885,711
20886,712
20887,712
20888,712
20889,712
20890,712
20891,712
20892,712
20893,712
20894,712
20895,712
20896,712
20897,712
20898,712
20899,713
20900,713
20901,713
20902,713
20903,713
20904,713
20905,713
20906,713
20907,713
20908,713
20909,713
20910,713
20911,713
20912,713
20913,714
20914,714
20915,714
20916,714
20917,714
20918,714
20919,714
20920,714
20921,714
20922,714
20923,714
20924,714
20925,714
20926,715
20927,715
20928,715
20929,715
20930,715
20931,715
20932,715
20933,715
20934,715
20935,715
20936,715
20937,715
20938,715
20939,715
20940,716
20941,716
20942,716
20943,716
20944,716
20945,716
20946,716
20947,716
20948,716
20949,716
20950,716
20951,716
20952,716
20953,717
20954,717
20955,717
20956,717
20957,717
20958,717
20959,717
20960,717
20961,717
20962,717
20963,717
20964,717
20965,717
20966,717
20967,718
20968,718
20969,718
20970,718
20971,718
20972,718
20973,718
20974,718
20975,718
20976,718
20977,718
20978,718
20979,718
20980,719
20981,719
20982,719
20983,719
20984,719
20985,719
20986,719
20987,719
20988,719
20989,719
20990,719
20991,719
20992,719
20993,719
20994,720
20995,720
20996,720
20997,720
20998,720
20999,720
21000,720
21001,720
21002,720
21003,720
21004,720
21005,720
21006,720
21007,721
21008,721
21009,721
21010,721
21011,721
21012,721
21013,721
21014,721
21015,721
21016,721
21017,721
21018,721
21019,721
21020,721
21021,722
21022,722
21023,722
21024,722
21025,722
21026,722
21027,722
21028,722
21029,722
21030,722
21031,722
21032,722
21033,722
21034,723
21035,723
21036,723
21037,723
21038,723
21039,723
21040,723
21041,723
21042,723
21043,723
21044,723
21045,723
21046,723
21047,724
21048,724
21049,724
21050,724
21051,724
21052,724
21053,724
21054,724
21055,724
21056,724
21057,724
21058,724
21059,724
21060,724
21061,725
21062,725
21063,725
21064,725
21065,725
21066,725
21067,725
21068,725
21069,725
21070,725
21071,725
21072,725
21073,725
21074,726
21075,726
21076,726
21077,726
21078,726
21079,726
21080,726
21081,726
21082,726
21083,726
21084,726
21085,726
21086,726
21087,726
21088,727
21089,727
21090,727
21091,727
21092,727
21093,727
21094,727
21095,727
21096,727
21097,727
21098,727
21099,727
21100,727
21101,728
21102,728
21103,728
21104,728
21105,728
21106,728
21107,728
21108,728
21109,728
21110,728
21111,728
21112,728
21113,728
21114,729
21115,729
21116,729
21117,729
21118,729
21119,729
21120,729
21121,729
21122,729
21123,729
21124,729
21125,729
21126,729
21127,729
21128,730
21129,730
21130,730
21131,730
21132,730
21133,730
21134,730
21135,730
21136,730
21137,730
21138,730
21139,730
21140,730
21141,731
21142,731
21143,731
21144,731
21145,731
21146,731
21147,731
21148,731
21149,731
21150,731
21151,731
21152,731
21153,731
21154,732
21155,732
21156,732
21157,732
21158,732
21159,732
21160,732
21161,732
21162,732
21163,732
21164,732
21165,732
21166,732
21167,732
21168,733
21169,733
21170,733
21171,733
21172,733
21173,733
21174,733
21175,733
21176,733
21177,733
21178,733
21179,733
21180,733
21181,734
21182,734
21183,734
21184,734
21185,734
21186,734
21187,734
21188,734
21189,734
21190,734
21191,734
21192,734
21193,734
21194,735
21195,735
21196,735
21197,735
21198,735
21199,735
21200,735
21201,735
21202,735
21203,735
21204,735
21205,735
21206,735
21207,736
21208,736
21209,736
21210,736
21211,736
21212,736
21213,736
21214,736
21215,736
21216,736
21217,736
21218,736
21219,736
21220,736
21221,737
21222,737
21223,737
21224,737
21225,737
21226,737
21227,737
21228,737
21229,737
21230,737
21231,737
21232,737
21233,737
21234,738
21235,738
21236,738
21237,738
21238,738
21239,738
21240,738
21241,738
21242,738
21243,738
21244,738
21245,738
21246,738
21247,739
21248,739
21249,739
21250,739
21251,739
21252,739
21253,739
21254,739
21255,739
21256,739
21257,739
21258,739
21259,739
21260,740
21261,740
21262,740
21263,740
21264,740
21265,740
21266,740
21267,740
21268,740
21269,740
21270,740
21271,740
21272,740
21273,740
21274,741
21275,741
21276,741
21277,741
21278,741
21279,741
21280,741
21281,741
21282,741
21283,741
21284,741
21285,741
21286,741
21287,742
21288,742
21289,742
21290,742
21291,742
21292,742
21293,742
21294,742
21295,742
21296,742
21297,742
21298,742
21299,742
21300,743
21301,743
21302,743
21303,743
21304,743
21305,743
21306,743
21307,743
21308,743
21309,743
21310,743
21311,743
21312,743
21313,744
21314,744
21315,744
21316,744
21317,744
21318,744
21319,744
21320,744
21321,744
21322,744
21323,744
21324,744
21325,744
21326,744
21327,745
21328,745
21329,745
21330,745
21331,745
21332,745
21333,745
21334,745
21335,745
21336,745
21337,745
21338,745
21339,745
21340,746
21341,746
21342,746
21343,746
21344,746
21345,746
21346,746
21347,746
21348,746
21349,746
21350,746
21351,746
21352,746
21353,747
21354,747
21355,747
21356,747
21357,747
21358,747
21359,747
21360,747
21361,747
21362,747
21363,747
21364,747
21365,747
21366,748
21367,748
21368,748
21369,748
21370,748
21371,748
21372,748
21373,748
21374,748
21375,748
21376,748
21377,748
21378,748
21379,749
21380,749
21381,749
21382,749
21383,749
21384,749
21385,749
21386,749
21387,749
21388,749
21389,749
21390,749
21391,749
21392,750
21393,750
21394,750
21395,750
21396,750
21397,750
21398,750
21399,750
21400,750
21401,750
21402,750
21403,750
21404,750
21405,751
21406,751
21407,751
21408,751
21409,751
21410,751
21411,751
21412,751
21413,751
21414,751
21415,751
21416,751
21417,751
21418,751
21419,752
21420,752
21421,752
21422,752
21423,752
21424,752
21425,752
21426,752
21427,752
21428,752
21429,752
21430,752
21431,752
21432,753
21433,753
21434,753
21435,753
21436,753
21437,753
21438,753
21439,753
21440,753
21441,753
21442,753
21443,753
21444,753
21445,754
21446,754
21447,754
21448,754
21449,754
21450,754
21451,754
21452,754
21453,754
21454,754
21455,754
21456,754
21457,754
21458,755
21459,755
21460,755
21461,755
21462,755
21463,755
21464,755
21465,755
21466,755
21467,755
21468,755
21469,755
21470,755
21471,756
21472,756
21473,756
21474,756
21475,756
21476,756
21477,756
21478,756
21479,756
21480,756
21481,756
21482,756
21483,756
21484,757
21485,757
21486,757
21487,757
21488,757
21489,757
21490,757
21491,757
21492,757
21493,757
21494,757
21495,757
21496,757
21497,758
21498,758
21499,758
21500,758
21501,758
21502,758
21503,758
21504,758
21505,758
21506,758
21507,758
21508,758
21509,758
21510,759
21511,759
21512,759
21513,759
21514,759
21515,759
21516,759
21517,759
21518,759
21519,759
21520,759
21521,759
21522,759
21523,760
21524,760
21525,760
21526,760
21527,760
21528,760
21529,760
21530,760
21531,760
21532,760
21533,760
21534,760
21535,760
21536,761
21537,761
21538,761
21539,761
21540,761
21541,761
21542,761
21543,761
21544,761
21545,761
21546,761
21547,761
21548,761
21549,762
21550,762
21551,762
21552,762
21553,762
21554,762
21555,762
21556,762
21557,762
21558,762
21559,762
21560,762
21561,762
21562,763
21563,763
21564,763
21565,763
21566,763
21567,763
21568,763
21569,763
21570,763
21571,763
21572,763
21573,763
21574,763
21575,764
21576,764
21577,764
21578,764
21579,764
21580,764
21581,764
21582,764
21583,764
21584,764
21585,764
21586,764
21587,764
21588,765
21589,765
21590,765
21591,765
21592,765
21593,765
21594,765
21595,765
21596,765
21597,765
21598,765
21599,765
21600,765
21601,766
21602,766
21603,766
21604,766
21605,766
21606,766
21607,766
21608,766
21609,766
21610,766
21611,766
21612,766
21613,766
21614,767
21615,767
21616,767
21617,767
21618,767
21619,767
21620,767
21621,767
21622,767
21623,767
21624,767
21625,767
21626,767
21627,768
21628,768
21629,768
21630,768
21631,768
21632,768
21633,768
21634,768
21635,768
21636,768
21637,768
21638,768
21639,768
21640,769
21641,769
21642,769
21643,769
21644,769
21645,769
21646,769
21647,769
21648,769
21649,769
21650,769
21651,769
21652,769
21653,770
21654,770
21655,770
21656,770
21657,770
21658,770
21659,770
21660,770
21661,770
21662,770
21663,770
21664,770
21665,770
21666,771
21667,771
21668,771
21669,771
21670,771
21671,771
21672,771
21673,771
21674,771
21675,771
21676,771
21677,771
21678,771
21679,772
21680,772
21681,772
21682,772
21683,772
21684,772
21685,772
21686,772
21687,772
21688,772
21689,772
21690,772
21691,772
21692,773
21693,773
21694,773
21695,773
21696,773
21697,773
21698,773
21699,773
21700,773
21701,773
21702,773
21703,773
21704,773
21705,774
21706,774
21707,774
21708,774
21709,774
21710,774
21711,774
21712,774
21713,774
21714,774
21715,774
21716,774
21717,774
21718,775
21719,775
21720,775
21721,775
21722,775
21723,775
21724,775
21725,775
21726,775
21727,775
21728,775
21729,775
21730,775
21731,776
21732,776
21733,776
21734,776
21735,776
21736,776
21737,776
21738,776
21739,776
21740,776
21741,776
21742,776
21743,777
21744,777
21745,777
21746,777
21747,777
21748,777
21749,777
21750,777
21751,777
21752,777
21753,777
21754,777
21755,777
21756,778
21757,778
21758,778
21759,778
21760,778
21761,778
21762,778
21763,778
21764,778
21765,778
21766,778
21767,778
21768,778
21769,779
21770,779
21771,779
21772,779
21773,779
21774,779
21775,779
21776,779
21777,779
21778,779
21779,779
21780,779
21781,779
21782,780
21783,780
21784,780
21785,780
21786,780
21787,780
21788,780
21789,780
21790,780
21791,780
21792,780
21793,780
21794,780
21795,781
21796,781
21797,781
21798,781
21799,781
21800,781
21801,781
21802,781
21803,781
21804,781
21805,781
21806,781
21807,781
21808,782
21809,782
21810,782
21811,782
21812,782
21813,782
21814,782
21815,782
21816,782
21817,782
21818,782
21819,782
21820,782
21821,783
21822,783
21823,783
21824,783
21825,783
21826,783
21827,783
21828,783
21829,783
21830,783
21831,783
21832,783
21833,784
21834,784
21835,784
21836,784
21837,784
21838,784
21839,784
21840,784
21841,784
21842,784
21843,784
21844,784
21845,784
21846,785
21847,785
21848,785
21849,785
21850,785
21851,785
21852,785
21853,785
21854,785
21855,785
21856,785
21857,785
21858,785
21859,786
21860,786
21861,786
21862,786
21863,786
21864,786
21865,786
21866,786
21867,786
21868,786
21869,786
21870,786
21871,786
21872,787
21873,787
21874,787
21875,787
21876,787
21877,787
21878,787
21879,787
21880,787
21881,787
21882,787
21883,787
21884,787
21885,788
21886,788
21887,788
21888,788
21889,788
21890,788
21891,788
21892,788
21893,788
21894,788
21895,788
21896,788
21897,789
21898,789
21899,789
21900,789
21901,789
21902,789
21903,789
21904,789
21905,789
21906,789
21907,789
21908,789
21909,789
21910,790
21911,790
21912,790
21913,790
21914,790
21915,790
21916,790
21917,790
21918,790
21919,790
21920,790
21921,790
21922,790
21923,791
21924,791
21925,791
21926,791
21927,791
21928,791
21929,791
21930,791
21931,791
21932,791
21933,791
21934,791
21935,791
21936,792
21937,792
21938,792
21939,792
21940,792
21941,792
21942,792
21943,792
21944,792
21945,792
21946,792
21947,792
21948,793
21949,793
21950,793
21951,793
21952,793
21953,793
21954,793
21955,793
21956,793
21957,793
21958,793
21959,793
21960,793
21961,794
21962,794
21963,794
21964,794
21965,794
21966,794
21967,794
21968,794
21969,794
21970,794
21971,794
21972,794
21973,794
21974,795
21975,795
21976,795
21977,795
21978,795
21979,795
21980,795
21981,795
21982,795
21983,795
21984,795
21985,795
21986,795
21987,796
21988,796
21989,796
21990,796
21991,796
21992,796
21993,796
21994,796
21995,796
21996,796
21997,796
21998,796
21999,797
22000,797
22001,797
22002,797
22003,797
22004,797
22005,797
22006,797
22007,797
22008,797
22009,797
22010,797
22011,797
22012,798
22013,798
22014,798
22015,798
22016,798
22017,798
22018,798
22019,798
22020,798
22021,798
22022,798
22023,798
22024,798
22025,799
22026,799
22027,799
22028,799
22029,799
22030,799
22031,799
22032,799
22033,799
22034,799
22035,799
22036,799
22037,800
22038,800
22039,800
22040,800
22041,800
22042,800
22043,800
22044,800
22045,800
22046,800
22047,800
22048,800
22049,800
22050,801
22051,801
22052,801
22053,801
22054,801
22055,801
22056,801
22057,801
22058,801
22059,801
22060,801
22061,801
22062,801
22063,802
22064,802
22065,802
22066,802
22067,802
22068,802
22069,802
22070,802
22071,802
22072,802
22073,802
22074,802
22075,803
22076,803
22077,803
22078,803
22079,803
22080,803
22081,803
22082,803
22083,803
22084,803
22085,803
22086,803
22087,803
22088,804
22089,804
22090,804
22091,804
22092,804
22093,804
22094,804
22095,804
22096,804
22097,804
22098,804
22099,804
22100,804
22101,805
22102,805
22103,805
22104,805
22105,805
22106,805
22107,805
22108,805
22109,805
22110,805
22111,805
22112,805
22113,806
22114,806
22115,806
22116,806
22117,806
22118,806
22119,806
22120,806
22121,806
22122,806
22123,806
22124,806
22125,806
22126,807
22127,807
22128,807
22129,807
22130,807
22131,807
22132,807
22133,807
22134,807
22135,807
22136,807
22137,807
22138,808
22139,808
22140,808
22141,808
22142,808
22143,808
22144,808
22145,808
22146,808
22147,808
22148,808
22149,808
22150,808
22151,809
22152,809
22153,809
22154,809
22155,809
22156,809
22157,809
22158,809
22159,809
22160,809
22161,809
22162,809
22163,809
22164,810
22165,810
22166,810
22167,810
22168,810
22169,810
22170,810
22171,810
22172,810
22173,810
22174,810
22175,810
22176,811
22177,811
22178,811
22179,811
22180,811
22181,811
22182,811
22183,811
22184,811
22185,811
22186,811
22187,811
22188,811
22189,812
22190,812
22191,812
22192,812
22193,812
22194,812
22195,812
22196,812
22197,812
22198,812
22199,812
22200,812
22201,813
22202,813
22203,813
22204,813
22205,813
22206,813
22207,813
22208,813
22209,813
22210,813
22211,813
22212,813
22213,813
22214,814
22215,814
22216,814
22217,814
22218,814
22219,814
22220,814
22221,814
22222,814
22223,814
22224,814
22225,814
22226,815
22227,815
22228,815
22229,815
22230,815
22231,815
22232,815
22233,815
22234,815
22235,815
22236,815
22237,815
22238,815
22239,816
22240,816
22241,816
22242,816
22243,816
22244,816
22245,816
22246,816
22247,816
22248,816
22249,816
22250,816
22251,817
22252,817
22253,817
22254,817
22255,817
22256,817
22257,817
22258,817
22259,817
22260,817
22261,817
22262,817
22263,817
22264,818
22265,818
22266,818
22267,818
22268,818
22269,818
22270,818
22271,818
22272,818
22273,818
22274,818
22275,818
22276,819
22277,819
22278,819
22279,819
22280,819
22281,819
22282,819
22283,819
22284,819
22285,819
22286,819
22287,819
22288,819
22289,820
22290,820
22291,820
22292,820
22293,820
22294,820
22295,820
22296,820
22297,820
22298,820
22299,820
22300,820
22301,821
22302,821
22303,821
22304,821
22305,821
22306,821
22307,821
22308,821
22309,821
22310,821
22311,821
22312,821
22313,821
22314,822
22315,822
22316,822
22317,822
22318,822
22319,822
22320,822
22321,822
22322,822
22323,822
22324,822
22325,822
22326,823
22327,823
22328,823
22329,823
22330,823
22331,823
22332,823
22333,823
22334,823
22335,823
22336,823
22337,823
22338,823
22339,824
22340,824
22341,824
22342,824
22343,824
22344,824
22345,824
22346,824
22347,824
22348,824
22349,824
22350,824
22351,825
22352,825
22353,825
22354,825
22355,825
22356,825
22357,825
22358,825
22359,825
22360,825
22361,825
22362,825
22363,825
22364,826
22365,826
22366,826
22367,826
22368,826
22369,826
22370,826
22371,826
22372,826
22373,826
22374,826
22375,826
22376,827
22377,827
22378,827
22379,827
22380,827
22381,827
22382,827
22383,827
22384,827
22385,827
22386,827
22387,827
22388,827
22389,828
22390,828
22391,828
22392,828
22393,828
22394,828
22395,828
22396,828
22397,828
22398,828
22399,828
22400,828
22401,829
22402,829
22403,829
22404,829
22405,829
22406,829
22407,829
22408,829
22409,829
22410,829
22411,829
22412,829
22413,829
22414,830
22415,830
22416,830
22417,830
22418,830
22419,830
22420,830
22421,830
22422,830
22423,830
22424,830
22425,830
22426,831
22427,831
22428,831
22429,831
22430,831
22431,831
22432,831
22433,831
22434,831
22435,831
22436,831
22437,831
22438,832
22439,832
22440,832
22441,832
22442,832
22443,832
22444,832
22445,832
22446,832
22447,832
22448,832
22449,832
22450,832
22451,833
22452,833
22453,833
22454,833
22455,833
22456,833
22457,833
22458,833
22459,833
22460,833
22461,833
22462,833
22463,834
22464,834
22465,834
22466,834
22467,834
22468,834
22469,834
22470,834
22471,834
22472,834
22473,834
22474,834
22475,835
22476,835
22477,835
22478,835
22479,835
22480,835
22481,835
22482,835
22483,835
22484,835
22485,835
22486,835
22487,835
22488,836
22489,836
22490,836
22491,836
22492,836
22493,836
22494,836
22495,836
22496,836
22497,836
22498,836
22499,836
22500,837
22501,837
22502,837
22503,837
22504,837
22505,837
22506,837
22507,837
22508,837
22509,837
22510,837
22511,837
22512,837
22513,838
22514,838
22515,838
22516,838
22517,838
22518,838
22519,838
22520,838
22521,838
22522,838
22523,838
22524,838
22525,839
22526,839
22527,839
22528,839
22529,839
22530,839
22531,839
22532,839
22533,839
22534,839
22535,839
22536,839
22537,840
22538,840
22539,840
22540,840
22541,840
22542,840
22543,840
22544,840
22545,840
22546,840
22547,840
22548,840
22549,840
22550,841
22551,841
22552,841
22553,841
22554,841
22555,841
22556,841
22557,841
22558,841
22559,841
22560,841
22561,841
22562,842
22563,842
22564,842
22565,842
22566,842
22567,842
22568,842
22569,842
22570,842
22571,842
22572,842
22573,842
22574,843
22575,843
22576,843
22577,843
22578,843
22579,843
22580,843
22581,843
22582,843
22583,843
22584,843
22585,843
22586,843
22587,844
22588,844
22589,844
22590,844
22591,844
22592,844
22593,844
22594,844
22595,844
22596,844
22597,844
22598,844
22599,845
22600,845
22601,845
22602,845
22603,845
22604,845
22605,845
22606,845
22607,845
22608,845
22609,845
22610,845
22611,846
22612,846
22613,846
22614,846
22615,846
22616,846
22617,846
22618,846
22619,846
22620,846
22621,846
22622,846
22623,847
22624,847
22625,847
22626,847
22627,847
22628,847
22629,847
22630,847
22631,847
22632,847
22633,847
22634,847
22635,847
22636,848
22637,848
22638,848
22639,848
22640,848
22641,848
22642,848
22643,848
22644,848
22645,848
22646,848
22647,848
22648,849
22649,849
22650,849
22651,849
22652,849
22653,849
22654,849
22655,849
22656,849
22657,849
22658,849
22659,849
22660,850
22661,850
22662,850
22663,850
22664,850
22665,850
22666,850
22667,850
22668,850
22669,850
22670,850
22671,850
22672,851
22673,851
22674,851
22675,851
22676,851
22677,851
22678,851
22679,851
22680,851
22681,851
22682,851
22683,851
22684,851
22685,852
22686,852
22687,852
22688,852
22689,852
22690,852
22691,852
22692,852
22693,852
22694,852
22695,852
22696,852
22697,853
22698,853
22699,853
22700,853
22701,853
22702,853
22703,853
22704,853
22705,853
22706,853
22707,853
22708,853
22709,854
22710,854
22711,854
22712,854
22713,854
22714,854
22715,854
22716,854
22717,854
22718,854
22719,854
22720,854
22721,855
22722,855
22723,855
22724,855
22725,855
22726,855
22727,855
22728,855
22729,855
22730,855
22731,855
22732,855
22733,855
22734,856
22735,856
22736,856
22737,856
22738,856
22739,856
22740,856
22741,856
22742,856
22743,856
22744,856
22745,856
22746,857
22747,857
22748,857
22749,857
22750,857
22751,857
22752,857
22753,857
22754,857
22755,857
22756,857
22757,857
22758,858
22759,858
22760,858
22761,858
22762,858
22763,858
22764,858
22765,858
22766,858
22767,858
22768,858
22769,858
22770,859
22771,859
22772,859
22773,859
22774,859
22775,859
22776,859
22777,859
22778,859
22779,859
22780,859
22781,859
22782,860
22783,860
22784,860
22785,860
22786,860
22787,860
22788,860
22789,860
22790,860
22791,860
22792,860
22793,860
22794,861
22795,861
22796,861
22797,861
22798,861
22799,861
22800,861
22801,861
22802,861
22803,861
22804,861
22805,861
22806,861
22807,862
22808,862
22809,862
22810,862
22811,862
22812,862
22813,862
22814,862
22815,862
22816,862
22817,862
22818,862
22819,863
22820,863
22821,863
22822,863
22823,863
22824,863
22825,863
22826,863
22827,863
22828,863
22829,863
22830,863
22831,864
22832,864
22833,864
22834,864
22835,864
22836,864
22837,864
22838,864
22839,864
22840,864
22841,864
22842,864
22843,865
22844,865
22845,865
22846,865
22847,865
22848,865
22849,865
22850,865
22851,865
22852,865
22853,865
22854,865
22855,866
22856,866
22857,866
22858,866
22859,866
22860,866
22861,866
22862,866
22863,866
22864,866
22865,866
22866,866
22867,867
22868,867
22869,867
22870,867
22871,867
22872,867
22873,867
22874,867
22875,867
22876,867
22877,867
22878,867
22879,868
22880,868
22881,868
22882,868
22883,868
22884,868
22885,868
22886,868
22887,868
22888,868
22889,868
22890,868
22891,868
22892,869
22893,869
22894,869
22895,869
22896,869
22897,869
22898,869
22899,869
22900,869
22901,869
22902,869
22903,869
22904,870
22905,870
22906,870
22907,870
22908,870
22909,870
22910,870
22911,870
22912,870
22913,870
22914,870
22915,870
22916,871
22917,871
22918,871
22919,871
22920,871
22921,871
22922,871
22923,871
22924,871
22925,871
22926,871
22927,871
22928,872
22929,872
22930,872
22931,872
22932,872
22933,872
22934,872
22935,872
22936,872
22937,872
22938,872
22939,872
22940,873
22941,873
22942,873
22943,873
22944,873
22945,873
22946,873
22947,873
22948,873
22949,873
22950,873
22951,873
22952,874
22953,874
22954,874
22955,874
22956,874
22957,874
22958,874
22959,874
22960,874
22961,874
22962,874
22963,874
22964,875
22965,875
22966,875
22967,875
22968,875
22969,875
22970,875
22971,875
22972,875
22973,875
22974,875
22975,875
22976,876
22977,876
22978,876
22979,876
22980,876
22981,876
22982,876
22983,876
22984,876
22985,876
22986,876
22987,876
22988,877
22989,877
22990,877
22991,877
22992,877
22993,877
22994,877
22995,877
22996,877
22997,877
22998,877
22999,877
23000,878
23001,878
23002,878
23003,878
23004,878
23005,878
23006,878
23007,878
23008,878
23009,878
23010,878
23011,878
23012,879
23013,879
23014,879
23015,879
23016,879
23017,879
23018,879
23019,879
23020,879
23021,879
23022,879
23023,879
23024,880
23025,880
23026,880
23027,880
23028,880
23029,880
23030,880
23031,880
23032,880
23033,880
23034,880
23035,880
23036,881
23037,881
23038,881
23039,881
23040,881
23041,881
23042,881
23043,881
23044,881
23045,881
23046,881
23047,881
23048,882
23049,882
23050,882
23051,882
23052,882
23053,882
23054,882
23055,882
23056,882
23057,882
23058,882
23059,882
23060,883
23061,883
23062,883
23063,883
23064,883
23065,883
23066,883
23067,883
23068,883
23069,883
23070,883
23071,883
23072,884
23073,884
23074,884
23075,884
23076,884
23077,884
23078,884
23079,884
23080,884
23081,884
23082,884
23083,884
23084,885
23085,885
23086,885
23087,885
23088,885
23089,885
23090,885
23091,885
23092,885
23093,885
23094,885
23095,885
23096,886
23097,886
23098,886
23099,886
23100,886
23101,886
23102,886
23103,886
23104,886
23105,886
23106,886
23107,886
23108,887
23109,887
23110,887
23111,887
23112,887
23113,887
23114,887
23115,887
23116,887
23117,887
23118,887
23119,887
23120,888
23121,888
23122,888
23123,888
23124,888
23125,888
23126,888
23127,888
23128,888
23129,888
23130,888
23131,888
23132,889
23133,889
23134,889
23135,889
23136,889
23137,889
23138,889
23139,889
23140,889
23141,889
23142,889
23143,889
23144,890
23145,890
23146,890
23147,890
23148,890
23149,890
23150,890
23151,890
23152,890
23153,890
23154,890
23155,890
23156,891
23157,891
23158,891
23159,891
23160,891
23161,891
23162,891
23163,891
23164,891
23165,891
23166,891
23167,891
23168,892
23169,892
23170,892
23171,892
23172,892
23173,892
23174,892
23175,892
23176,892
23177,892
23178,892
23179,892
23180,893
23181,893
23182,893
23183,893
23184,893
23185,893
23186,893
23187,893
23188,893
23189,893
23190,893
23191,893
23192,894
23193,894
23194,894
23195,894
23196,894
23197,894
23198,894
23199,894
23200,894
23201,894
23202,894
23203,894
23204,895
23205,895
23206,895
23207,895
23208,895
23209,895
23210,895
23211,895
23212,895
23213,895
23214,895
23215,895
23216,896
23217,896
23218,896
23219,896
23220,896
23221,896
23222,896
23223,896
23224,896
23225,896
23226,896
23227,897
23228,897
23229,897
23230,897
23231,897
23232,897
23233,897
23234,897
23235,897
23236,897
23237,897
23238,897
23239,898
23240,898
23241,898
23242,898
23243,898
23244,898
23245,898
23246,898
23247,898
23248,898
23249,898
23250,898
23251,899
23252,899
23253,899
23254,899
23255,899
23256,899
23257,899
23258,899
23259,899
23260,899
23261,899
23262,899
23263,900
23264,900
23265,900
23266,900
23267,900
23268,900
23269,900
23270,900
23271,900
23272,900
23273,900
23274,900
23275,901
23276,901
23277,901
23278,901
23279,901
23280,901
23281,901
23282,901
23283,901
23284,901
23285,901
23286,901
23287,902
23288,902
23289,902
23290,902
23291,902
23292,902
23293,902
23294,902
23295,902
23296,902
23297,902
23298,902
23299,903
23300,903
23301,903
23302,903
23303,903
23304,903
23305,903
23306,903
23307,903
23308,903
23309,903
23310,903
23311,904
23312,904
23313,904
23314,904
23315,904
23316,904
23317,904
23318,904
23319,904
23320,904
23321,904
23322,905
23323,905
23324,905
23325,905
23326,905
23327,905
23328,905
23329,905
23330,905
23331,905
23332,905
23333,905
23334,906
23335,906
23336,906
23337,906
23338,906
23339,906
23340,906
23341,906
23342,906
23343,906
23344,906
23345,906
23346,907
23347,907
23348,907
23349,907
23350,907
23351,907
23352,907
23353,907
23354,907
23355,907
23356,907
23357,907
23358,908
23359,908
23360,908
23361,908
23362,908
23363,908
23364,908
23365,908
23366,908
23367,908
23368,908
23369,908
23370,909
23371,909
23372,909
23373,909
23374,909
23375,909
23376,909
23377,909
23378,909
23379,909
23380,909
23381,910
23382,910
23383,910
23384,910
23385,910
23386,910
23387,910
23388,910
23389,910
23390,910
23391,910
23392,910
23393,911
23394,911
23395,911
23396,911
23397,911
23398,911
23399,911
